partido,prin,year,legis,estado
PRI,,2010,LXIV,Chiapas
PRI,VII,2010,LXIV,Chiapas
PRI,XIII,2010,LXIV,Chiapas
PRI,XVIII,2010,LXIV,Chiapas
PRI,XXIII,2010,LXIV,Chiapas
PRI,,2010,LXIV,Chiapas
PRI,,2010,LXIV,Chiapas
PRI,,2010,LXIV,Chiapas
PRI,,2010,LXIV,Chiapas
PRI,XXII,2010,LXIV,Chiapas
PRI,XXI,2010,LXIV,Chiapas
PRI,X,2010,LXIV,Chiapas
PRD,I,2010,LXIV,Chiapas
PRD,V,2010,LXIV,Chiapas
PRD,IX,2010,LXIV,Chiapas
PRD,XI,2010,LXIV,Chiapas
PRD,XIV,2010,LXIV,Chiapas
PRD,XVII,2010,LXIV,Chiapas
PRD,,2010,LXIV,Chiapas
PRD,,2010,LXIV,Chiapas
PAN,III,2010,LXIV,Chiapas
PAN,II,2010,LXIV,Chiapas
PAN,XII,2010,LXIV,Chiapas
PAN,XV,2010,LXIV,Chiapas
PAN,XVI,2010,LXIV,Chiapas
PAN,XIX,2010,LXIV,Chiapas
PAN,XXIV,2010,LXIV,Chiapas
PAN,,2010,LXIV,Chiapas
PVEM,,2010,LXIV,Chiapas
PVEM,VI,2010,LXIV,Chiapas
PVEM,VIII,2010,LXIV,Chiapas
PVEM,,2010,LXIV,Chiapas
PVEM,,2010,LXIV,Chiapas
PVEM,XX,2010,LXIV,Chiapas
PT,,2010,LXIV,Chiapas
PT,,2010,LXIV,Chiapas
PT,,2010,LXIV,Chiapas
PANAL,IV,2010,LXIV,Chiapas
PANAL,,2010,LXIV,Chiapas
CONV,,2010,LXIV,Chiapas
PVEM,I,2007,LXIII,Chiapas
PRD,II,2007,LXIII,Chiapas
PAN,III,2007,LXIII,Chiapas
PRD,IV,2007,LXIII,Chiapas
PRI,V,2007,LXIII,Chiapas
PVEM,VI,2007,LXIII,Chiapas
PRI,VII,2007,LXIII,Chiapas
PT,VIII,2007,LXIII,Chiapas
PRD,IX,2007,LXIII,Chiapas
PRD,X,2007,LXIII,Chiapas
PRI,XI,2007,LXIII,Chiapas
PRI,XII,2007,LXIII,Chiapas
PAN,XIII,2007,LXIII,Chiapas
PRD,XIV,2007,LXIII,Chiapas
PNA,XV,2007,LXIII,Chiapas
PAN,XVI,2007,LXIII,Chiapas
PRD,XVII,2007,LXIII,Chiapas
PRI,XVIII,2007,LXIII,Chiapas
PRI,XIX,2007,LXIII,Chiapas
PRD,XX,2007,LXIII,Chiapas
PRI,XXI,2007,LXIII,Chiapas
PRI,XXII,2007,LXIII,Chiapas
PRI,XXIII,2007,LXIII,Chiapas
PRI,XXIV,2007,LXIII,Chiapas
PAN,,2007,LXIII,Chiapas
PAN,,2007,LXIII,Chiapas
PAN,,2007,LXIII,Chiapas
PRI,,2007,LXIII,Chiapas
PRI,,2007,LXIII,Chiapas
PRI,,2007,LXIII,Chiapas
PRI,,2007,LXIII,Chiapas
PRI,,2007,LXIII,Chiapas
PRD,,2007,LXIII,Chiapas
PT,,2007,LXIII,Chiapas
PRD,,2007,LXIII,Chiapas
PRD,,2007,LXIII,Chiapas
PT,,2007,LXIII,Chiapas
PVEM,,2007,LXIII,Chiapas
CONV,,2007,LXIII,Chiapas
PNA,,2007,LXIII,Chiapas
PRI,XXII,2004,LXII,Chiapas
PRI,V,2004,LXII,Chiapas
PRI,XXI,2004,LXII,Chiapas
PRI,XXIV,2004,LXII,Chiapas
PRI,VII,2004,LXII,Chiapas
PRI,X,2004,LXII,Chiapas
PRI,VI,2004,LXII,Chiapas
PRI,XVII,2004,LXII,Chiapas
PRI,I,2004,LXII,Chiapas
PRI,III,2004,LXII,Chiapas
PT,VIII,2004,LXII,Chiapas
PVEM,II,2004,LXII,Chiapas
PAN,XI,2004,LXII,Chiapas
PAN,XV,2004,LXII,Chiapas
PAN,XIX,2004,LXII,Chiapas
PAN,XII,2004,LXII,Chiapas
PAN,XVI,2004,LXII,Chiapas
PRD,IV,2004,LXII,Chiapas
PRD,XIV,2004,LXII,Chiapas
PRD,XX,2004,LXII,Chiapas
PRD,IX,2004,LXII,Chiapas
PRD,XVIII,2004,LXII,Chiapas
PRD,XXIII,2004,LXII,Chiapas
PAN,,2004,LXII,Chiapas
PAN,,2004,LXII,Chiapas
PAN,,2004,LXII,Chiapas
Convergencia,,2004,LXII,Chiapas
PRI,,2004,LXII,Chiapas
PRI,,2004,LXII,Chiapas
PRI,,2004,LXII,Chiapas
PRI,,2004,LXII,Chiapas
PRI,,2004,LXII,Chiapas
PRI,,2004,LXII,Chiapas
PT,,2004,LXII,Chiapas
PVEM,,2004,LXII,Chiapas
PVEM,,2004,LXII,Chiapas
PRI,I,2001,LXI,Chiapas
PAN,II,2001,LXI,Chiapas
PRI,III,2001,LXI,Chiapas
PRI,IV,2001,LXI,Chiapas
PRI,V,2001,LXI,Chiapas
PRI,VI,2001,LXI,Chiapas
PRI,VII,2001,LXI,Chiapas
PRI,VIII,2001,LXI,Chiapas
PRI,IX,2001,LXI,Chiapas
PRI,X,2001,LXI,Chiapas
PRI,XI,2001,LXI,Chiapas
PRI,XIII,2001,LXI,Chiapas
PRI,XIII,2001,LXI,Chiapas
PRD,XIV,2001,LXI,Chiapas
PRI,XV,2001,LXI,Chiapas
PRI,XVI,2001,LXI,Chiapas
PRI,XVII,2001,LXI,Chiapas
PRI,XVIII,2001,LXI,Chiapas
PRI,XIX,2001,LXI,Chiapas
PRD,XX,2001,LXI,Chiapas
PRI,XXI,2001,LXI,Chiapas
PRI,XXII,2001,LXI,Chiapas
PRI,XXIII,2001,LXI,Chiapas
PRI,XXIV,2001,LXI,Chiapas
PAN,,2001,LXI,Chiapas
PAN,,2001,LXI,Chiapas
PAN,,2001,LXI,Chiapas
PAN,,2001,LXI,Chiapas
PRI,,2001,LXI,Chiapas
PRI,,2001,LXI,Chiapas
PRI,,2001,LXI,Chiapas
PRD,,2001,LXI,Chiapas
PRD,,2001,LXI,Chiapas
PRD,,2001,LXI,Chiapas
PRD,,2001,LXI,Chiapas
PRD,,2001,LXI,Chiapas
PT,,2001,LXI,Chiapas
PT,,2001,LXI,Chiapas
PVEM,,2001,LXI,Chiapas
PAS,,2001,LXI,Chiapas
PRD,I,2013,LXIV,Chihuahua
PRI,II,2013,LXIV,Chihuahua
PRI,III,2013,LXIV,Chihuahua
PVEM,IV,2013,LXIV,Chihuahua
PRI,V,2013,LXIV,Chihuahua
PRI,VI,2013,LXIV,Chihuahua
PRI,VII,2013,LXIV,Chihuahua
PRI,VIII,2013,LXIV,Chihuahua
PRI,IX,2013,LXIV,Chihuahua
PRI,X,2013,LXIV,Chihuahua
PRI,XI,2013,LXIV,Chihuahua
PRI,XII,2013,LXIV,Chihuahua
PAN,XIII,2013,LXIV,Chihuahua
PRI,XIV,2013,LXIV,Chihuahua
PRI,XV,2013,LXIV,Chihuahua
PRI,XVI,2013,LXIV,Chihuahua
PAN,XVII,2013,LXIV,Chihuahua
PRI,XVIII,2013,LXIV,Chihuahua
PAN,XIX,2013,LXIV,Chihuahua
PAN,XX,2013,LXIV,Chihuahua
PRI,XXI,2013,LXIV,Chihuahua
PRI,XXII,2013,LXIV,Chihuahua
PAN,,2013,LXIV,Chihuahua
PAN,,2013,LXIV,Chihuahua
PAN,,2013,LXIV,Chihuahua
PANAL,,2013,LXIV,Chihuahua
PANAL,,2013,LXIV,Chihuahua
PT,,2013,LXIV,Chihuahua
PT,,2013,LXIV,Chihuahua
PRI,,2013,LXIV,Chihuahua
PVEM,,2013,LXIV,Chihuahua
PRD,,2013,LXIV,Chihuahua
MC,,2013,LXIV,Chihuahua
PRI,I,2010,LXIII,Chihuahua
PRI,II,2010,LXIII,Chihuahua
PAN,III,2010,LXIII,Chihuahua
PAN,IV,2010,LXIII,Chihuahua
PRI,V,2010,LXIII,Chihuahua
PANAL,VI,2010,LXIII,Chihuahua
PRI,VII,2010,LXIII,Chihuahua
PRI,VIII,2010,LXIII,Chihuahua
PRI,IX,2010,LXIII,Chihuahua
PRI,X,2010,LXIII,Chihuahua
PRI,XI,2010,LXIII,Chihuahua
PRI,XII,2010,LXIII,Chihuahua
PRI,XIII,2010,LXIII,Chihuahua
PRI,XIV,2010,LXIII,Chihuahua
PRI,XV,2010,LXIII,Chihuahua
PRI,XVI,2010,LXIII,Chihuahua
PRI,XVII,2010,LXIII,Chihuahua
PRI,XVIII,2010,LXIII,Chihuahua
PRI,XIX,2010,LXIII,Chihuahua
PRI,XX,2010,LXIII,Chihuahua
PRI,XXI,2010,LXIII,Chihuahua
PRI,XXII,2010,LXIII,Chihuahua
PANAL,,2010,LXIII,Chihuahua
PRD,,2010,LXIII,Chihuahua
PAN,,2010,LXIII,Chihuahua
PVEM,,2010,LXIII,Chihuahua
PAN,,2010,LXIII,Chihuahua
PANAL,,2010,LXIII,Chihuahua
PANAL,,2010,LXIII,Chihuahua
PT,,2010,LXIII,Chihuahua
PAN,,2010,LXIII,Chihuahua
PVEM,,2010,LXIII,Chihuahua
PAN,,2010,LXIII,Chihuahua
PRI,I,2007,LXII,Chihuahua
PRI,II,2007,LXII,Chihuahua
PRI,III,2007,LXII,Chihuahua
PAN,IV,2007,LXII,Chihuahua
PRI,V,2007,LXII,Chihuahua
Alianza,VI,2007,LXII,Chihuahua
PRI,VII,2007,LXII,Chihuahua
PRI,VIII,2007,LXII,Chihuahua
PRI,IX,2007,LXII,Chihuahua
PRI,X,2007,LXII,Chihuahua
PAN,XI,2007,LXII,Chihuahua
PRI,XII,2007,LXII,Chihuahua
PRI,XIII,2007,LXII,Chihuahua
PRI,XIV,2007,LXII,Chihuahua
PAN,XV,2007,LXII,Chihuahua
PRI,XVI,2007,LXII,Chihuahua
PAN,XVII,2007,LXII,Chihuahua
PAN,XVIII,2007,LXII,Chihuahua
PAN,XIX,2007,LXII,Chihuahua
PRI,XX,2007,LXII,Chihuahua
PRI,XXI,2007,LXII,Chihuahua
PAN,XXII,2007,LXII,Chihuahua
PT,,2007,LXII,Chihuahua
PRI,,2007,LXII,Chihuahua
PRD,,2007,LXII,Chihuahua
PAN,,2007,LXII,Chihuahua
PAN,,2007,LXII,Chihuahua
PAN,,2007,LXII,Chihuahua
PAN,,2007,LXII,Chihuahua
PAN,,2007,LXII,Chihuahua
Alianza,,2007,LXII,Chihuahua
Alianza,,2007,LXII,Chihuahua
PVEM,,2007,LXII,Chihuahua
PRI,I,2004,LXI,Chihuahua
PRI,II,2004,LXI,Chihuahua
PAN,III,2004,LXI,Chihuahua
PAN,IV,2004,LXI,Chihuahua
PRI,V,2004,LXI,Chihuahua
PRI,VI,2004,LXI,Chihuahua
PRI,VII,2004,LXI,Chihuahua
PRI,VIII,2004,LXI,Chihuahua
PRI,IX,2004,LXI,Chihuahua
PRI,X,2004,LXI,Chihuahua
PRI,XI,2004,LXI,Chihuahua
PRI,XII,2004,LXI,Chihuahua
PAN,XIII,2004,LXI,Chihuahua
PRI,XIV,2004,LXI,Chihuahua
PRI,XV,2004,LXI,Chihuahua
PRI,XVI,2004,LXI,Chihuahua
PAN,XVII,2004,LXI,Chihuahua
PRI,XVIII,2004,LXI,Chihuahua
PAN,XIX,2004,LXI,Chihuahua
PRI,XX,2004,LXI,Chihuahua
PRI,XXI,2004,LXI,Chihuahua
PRI,XXII,2004,LXI,Chihuahua
PT,,2004,LXI,Chihuahua
PT,,2004,LXI,Chihuahua
PRD,,2004,LXI,Chihuahua
PAN,,2004,LXI,Chihuahua
PRD,,2004,LXI,Chihuahua
PAN,,2004,LXI,Chihuahua
PRD,,2004,LXI,Chihuahua
PAN,,2004,LXI,Chihuahua
PAN,,2004,LXI,Chihuahua
PAN,,2004,LXI,Chihuahua
PRI,,2004,LXI,Chihuahua
PRI,I,2001,LX,Chihuahua
PRI,II,2001,LX,Chihuahua
PAN,III,2001,LX,Chihuahua
PAN,IV,2001,LX,Chihuahua
PRI,V,2001,LX,Chihuahua
PAN,VI,2001,LX,Chihuahua
PRI,VII,2001,LX,Chihuahua
PRI,VIII,2001,LX,Chihuahua
PAN,IX,2001,LX,Chihuahua
PRI,X,2001,LX,Chihuahua
PRI,XI,2001,LX,Chihuahua
PRI,XII,2001,LX,Chihuahua
PRI,XIII,2001,LX,Chihuahua
PRI,XIV,2001,LX,Chihuahua
PRI,XV,2001,LX,Chihuahua
PRI,XVI,2001,LX,Chihuahua
PAN,XVII,2001,LX,Chihuahua
PAN,XVIII,2001,LX,Chihuahua
PRI,XIX,2001,LX,Chihuahua
PRI,XX,2001,LX,Chihuahua
PRI,XXI,2001,LX,Chihuahua
PRI,XXII,2001,LX,Chihuahua
PRI,,2001,LX,Chihuahua
PAN,,2001,LX,Chihuahua
PAN,,2001,LX,Chihuahua
PAN,,2001,LX,Chihuahua
PAN,,2001,LX,Chihuahua
PRD,,2001,LX,Chihuahua
PRD,,2001,LX,Chihuahua
PT,,2001,LX,Chihuahua
PT,,2001,LX,Chihuahua
PRI,I,2012,LIX,Coahuila
PRI,II,2012,LIX,Coahuila
PRI,III,2012,LIX,Coahuila
PRI,IV,2012,LIX,Coahuila
PVEM,V,2012,LIX,Coahuila
PRI,VI,2012,LIX,Coahuila
PRI,VII,2012,LIX,Coahuila
PRI,VIII,2012,LIX,Coahuila
PPC,IX,2012,LIX,Coahuila
PRI,X,2012,LIX,Coahuila
PRI,XI,2012,LIX,Coahuila
PRI,XII,2012,LIX,Coahuila
PRI,XIII,2012,LIX,Coahuila
PANAL,XIV,2012,LIX,Coahuila
PRI,XV,2012,LIX,Coahuila
PRI,XVI,2012,LIX,Coahuila
PAN,,2012,LIX,Coahuila
UDC,,2012,LIX,Coahuila
PAN,,2012,LIX,Coahuila
PRI,,2012,LIX,Coahuila
PRI,,2012,LIX,Coahuila
PVEM,,2012,LIX,Coahuila
PANAL,,2012,LIX,Coahuila
PSD,,2012,LIX,Coahuila
PPC,,2012,LIX,Coahuila
PRI,I,2009,LVIII,Coahuila
PRI,II,2009,LVIII,Coahuila
PRI,III,2009,LVIII,Coahuila
PRI,IV,2009,LVIII,Coahuila
PRI,V,2009,LVIII,Coahuila
PRI,VI,2009,LVIII,Coahuila
PRI,VII,2009,LVIII,Coahuila
PRI,VIII,2009,LVIII,Coahuila
PRI,IX,2009,LVIII,Coahuila
PRI,X,2009,LVIII,Coahuila
PRI,XI,2009,LVIII,Coahuila
PRI,XII,2009,LVIII,Coahuila
PRI,XIII,2009,LVIII,Coahuila
PRI,XIV,2009,LVIII,Coahuila
PRI,XV,2009,LVIII,Coahuila
PRI,XVI,2009,LVIII,Coahuila
PRI,XVII,2009,LVIII,Coahuila
PRI,XVIII,2009,LVIII,Coahuila
PRI,XIX,2009,LVIII,Coahuila
PRI,XX,2009,LVIII,Coahuila
PRI,,2009,LVIII,Coahuila
PAN,,2009,LVIII,Coahuila
PAN,,2009,LVIII,Coahuila
PAN,,2009,LVIII,Coahuila
PAN,,2009,LVIII,Coahuila
PAN,,2009,LVIII,Coahuila
PAN,,2009,LVIII,Coahuila
PAN,,2009,LVIII,Coahuila
UDC,,2009,LVIII,Coahuila
UDC,,2009,LVIII,Coahuila
PRD,,2009,LVIII,Coahuila
PRI,I,2006,LVII,Coahuila
PRI,II,2006,LVII,Coahuila
PRI,III,2006,LVII,Coahuila
PRI,IV,2006,LVII,Coahuila
PRI,V,2006,LVII,Coahuila
PRI,VI,2006,LVII,Coahuila
PRI,VII,2006,LVII,Coahuila
PAN,VIII,2006,LVII,Coahuila
PAN,IX,2006,LVII,Coahuila
PAN,X,2006,LVII,Coahuila
PAN,XI,2006,LVII,Coahuila
PRI,XII,2006,LVII,Coahuila
PRI,XIII,2006,LVII,Coahuila
PRI,XIV,2006,LVII,Coahuila
PRI,XV,2006,LVII,Coahuila
PRI,XVI,2006,LVII,Coahuila
PRI,XVII,2006,LVII,Coahuila
PRI,XVIII,2006,LVII,Coahuila
PRI,XIX,2006,LVII,Coahuila
PRI,XX,2006,LVII,Coahuila
PRI,,2006,LVII,Coahuila
PRI,,2006,LVII,Coahuila
PRI,,2006,LVII,Coahuila
PRI,,2006,LVII,Coahuila
PAN,,2006,LVII,Coahuila
PAN,,2006,LVII,Coahuila
PAN,,2006,LVII,Coahuila
PAN,,2006,LVII,Coahuila
PAN,,2006,LVII,Coahuila
PRD,,2006,LVII,Coahuila
PRD,,2006,LVII,Coahuila
UDC,,2006,LVII,Coahuila
UDC,,2006,LVII,Coahuila
PVEM,,2006,LVII,Coahuila
PT,,2006,LVII,Coahuila
PRI,I,2003,LVI,Coahuila
PRI,II,2003,LVI,Coahuila
PRI,III,2003,LVI,Coahuila
PRI,IV,2003,LVI,Coahuila
PRI,V,2003,LVI,Coahuila
PRI,VI,2003,LVI,Coahuila
PRI,VII,2003,LVI,Coahuila
PAN,VIII,2003,LVI,Coahuila
PAN,IX,2003,LVI,Coahuila
PAN,X,2003,LVI,Coahuila
PRI,XI,2003,LVI,Coahuila
PRI,XII,2003,LVI,Coahuila
PRI,XIII,2003,LVI,Coahuila
PAN,XIV,2003,LVI,Coahuila
PRI,XV,2003,LVI,Coahuila
PRI,XVI,2003,LVI,Coahuila
PRI,XVII,2003,LVI,Coahuila
PRI,XVIII,2003,LVI,Coahuila
PRI,XIX,2003,LVI,Coahuila
PRI,XX,2003,LVI,Coahuila
PRI,,2003,LVI,Coahuila
PRI,,2003,LVI,Coahuila
PRI,,2003,LVI,Coahuila
PRI,,2003,LVI,Coahuila
PAN,,2003,LVI,Coahuila
PAN,,2003,LVI,Coahuila
PAN,,2003,LVI,Coahuila
PAN,,2003,LVI,Coahuila
PRD,,2003,LVI,Coahuila
PRD,,2003,LVI,Coahuila
PRD,,2003,LVI,Coahuila
UDC,,2003,LVI,Coahuila
UDC,,2003,LVI,Coahuila
PT,,2003,LVI,Coahuila
PT,,2003,LVI,Coahuila
PRI,I,2000,LV,Coahuila
PRI,II,2000,LV,Coahuila
PRI,III,2000,LV,Coahuila
PRI,IV,2000,LV,Coahuila
PRI,V,2000,LV,Coahuila
PRI,VI,2000,LV,Coahuila
PRI,VII,2000,LV,Coahuila
PRI,VIII,2000,LV,Coahuila
PRI,IX,2000,LV,Coahuila
PAN,X,2000,LV,Coahuila
PRI,XI,2000,LV,Coahuila
PRI,XII,2000,LV,Coahuila
PRI,XIII,2000,LV,Coahuila
PRI,XIV,2000,LV,Coahuila
PRI,XV,2000,LV,Coahuila
PRI,XVI,2000,LV,Coahuila
PRI,XVII,2000,LV,Coahuila
PRI,XVIII,2000,LV,Coahuila
PRI,XIX,2000,LV,Coahuila
PRI,XX,2000,LV,Coahuila
PAN,,2000,LV,Coahuila
PRD,,2000,LV,Coahuila
PRD,,2000,LV,Coahuila
PRD,,2000,LV,Coahuila
UDC,,2000,LV,Coahuila
UDC,,2000,LV,Coahuila
Coalición,,2000,LV,Coahuila
Coalición,,2000,LV,Coahuila
Coalición,,2000,LV,Coahuila
Coalición,,2000,LV,Coahuila
PCC,,2000,LV,Coahuila
PCC,,2000,LV,Coahuila
PRI,I,2013,LXVI,Durango
PRI,II,2013,LXVI,Durango
PRI,III,2013,LXVI,Durango
PRI,IV,2013,LXVI,Durango
PRI,V,2013,LXVI,Durango
PRI,VI,2013,LXVI,Durango
PRI,VII,2013,LXVI,Durango
PRI,VIII,2013,LXVI,Durango
PRI,IX,2013,LXVI,Durango
PRI,X,2013,LXVI,Durango
PRI,XI,2013,LXVI,Durango
PRI,XII,2013,LXVI,Durango
PRI,XIII,2013,LXVI,Durango
PRI,XIV,2013,LXVI,Durango
PRI,XV,2013,LXVI,Durango
PRI,XVI,2013,LXVI,Durango
PRI,XVII,2013,LXVI,Durango
Coalicion,,2013,LXVI,Durango
PAN,,2013,LXVI,Durango
PT,,2013,LXVI,Durango
PRI,,2013,LXVI,Durango
MoCi,,2013,LXVI,Durango
PRI,,2013,LXVI,Durango
PRI,,2013,LXVI,Durango
PVEM,,2013,LXVI,Durango
PaDu,,2013,LXVI,Durango
PRI,,2013,LXVI,Durango
PAN,,2013,LXVI,Durango
PNA,,2013,LXVI,Durango
PRD,,2013,LXVI,Durango
PRI,I,2010,LXV,Durango
PAN,II,2010,LXV,Durango
PRI,III,2010,LXV,Durango
PRI,IV,2010,LXV,Durango
PAN,V,2010,LXV,Durango
PRI,VI,2010,LXV,Durango
PRI,VII,2010,LXV,Durango
PAN,VIII,2010,LXV,Durango
PRI,IX,2010,LXV,Durango
PRI,X,2010,LXV,Durango
PANAL,XI,2010,LXV,Durango
PRI,XII,2010,LXV,Durango
PRI,XIII,2010,LXV,Durango
PRI,XIV,2010,LXV,Durango
PAN,XV,2010,LXV,Durango
PRI,XVI,2010,LXV,Durango
PANAL,XVII,2010,LXV,Durango
PRI,,2010,LXV,Durango
PRI,,2010,LXV,Durango
PRI,,2010,LXV,Durango
PRI,,2010,LXV,Durango
PRI,,2010,LXV,Durango
PRI,,2010,LXV,Durango
PAN,,2010,LXV,Durango
PAN,,2010,LXV,Durango
PANAL,,2010,LXV,Durango
PRD,,2010,LXV,Durango
PT,,2010,LXV,Durango
PVEM,,2010,LXV,Durango
PD,,2010,LXV,Durango
PRI,I,2007,LXIV,Durango
PRI,II,2007,LXIV,Durango
PRI,III,2007,LXIV,Durango
PRI,IV,2007,LXIV,Durango
PRI,V,2007,LXIV,Durango
PRI,VI,2007,LXIV,Durango
PRI,VII,2007,LXIV,Durango
PRI,VIII,2007,LXIV,Durango
PRI,IX,2007,LXIV,Durango
PRI,X,2007,LXIV,Durango
PRI,XI,2007,LXIV,Durango
PRI,XII,2007,LXIV,Durango
PRI,XIII,2007,LXIV,Durango
PRI,XIV,2007,LXIV,Durango
PRI,XV,2007,LXIV,Durango
PRI,XVI,2007,LXIV,Durango
PRI,XVII,2007,LXIV,Durango
PAN,,2007,LXIV,Durango
PAN,,2007,LXIV,Durango
PAN,,2007,LXIV,Durango
PAN,,2007,LXIV,Durango
PAN,,2007,LXIV,Durango
PAN,,2007,LXIV,Durango
PAN,,2007,LXIV,Durango
PAN,,2007,LXIV,Durango
PT,,2007,LXIV,Durango
PT,,2007,LXIV,Durango
PRD,,2007,LXIV,Durango
PD,,2007,LXIV,Durango
PNA,,2007,LXIV,Durango
PRI,I,2004,LXIII,Durango
PRI,II,2004,LXIII,Durango
PRI,III,2004,LXIII,Durango
PRI,IV,2004,LXIII,Durango
PRI,V,2004,LXIII,Durango
PRI,VI,2004,LXIII,Durango
PRI,VII,2004,LXIII,Durango
PRI,VIII,2004,LXIII,Durango
PRI,IX,2004,LXIII,Durango
PRI,X,2004,LXIII,Durango
PRI,XI,2004,LXIII,Durango
PRI,XII,2004,LXIII,Durango
PRI,XIII,2004,LXIII,Durango
PRI,XIV,2004,LXIII,Durango
PRI,XV,2004,LXIII,Durango
PAN,,2004,LXIII,Durango
PAN,,2004,LXIII,Durango
PAN,,2004,LXIII,Durango
PAN,,2004,LXIII,Durango
PAN,,2004,LXIII,Durango
PAN,,2004,LXIII,Durango
PAN,,2004,LXIII,Durango
PRD,,2004,LXIII,Durango
PT,,2004,LXIII,Durango
Partido por Durango,,2004,LXIII,Durango
PRI,I,2001,LXII,Durango
PRI,II,2001,LXII,Durango
PRI,III,2001,LXII,Durango
PRI,IV,2001,LXII,Durango
PRI,V,2001,LXII,Durango
PRI,VI,2001,LXII,Durango
PRI,VII,2001,LXII,Durango
PRI,VIII,2001,LXII,Durango
PAN,IX,2001,LXII,Durango
PRI,X,2001,LXII,Durango
PRI,XI,2001,LXII,Durango
PRI,XII,2001,LXII,Durango
PRI,XIII,2001,LXII,Durango
PRI,XIV,2001,LXII,Durango
PAN,XV,2001,LXII,Durango
PAN,,2001,LXII,Durango
PAN,,2001,LXII,Durango
PAN,,2001,LXII,Durango
PAN,,2001,LXII,Durango
PAN,,2001,LXII,Durango
PT,,2001,LXII,Durango
PT,,2001,LXII,Durango
PRD,,2001,LXII,Durango
PD,,2001,LXII,Durango
PAN,I,2015,LIII,Morelos
PRI,II,2015,LIII,Morelos
PNA,III,2015,LIII,Morelos
PAN,IV,2015,LIII,Morelos
PVEM,V,2015,LIII,Morelos
PRI,VI,2015,LIII,Morelos
PRD,VII,2015,LIII,Morelos
PRI,VIII,2015,LIII,Morelos
PNA,IX,2015,LIII,Morelos
PRI,X,2015,LIII,Morelos
PRD,XI,2015,LIII,Morelos
PRD,XII,2015,LIII,Morelos
PRD,XIII,2015,LIII,Morelos
PRD,XIV,2015,LIII,Morelos
PRD,XV,2015,LIII,Morelos
PAN,XVI,2015,LIII,Morelos
PRD,XVII,2015,LIII,Morelos
PRD,XVIII,2015,LIII,Morelos
PAN,,2015,LIII,Morelos
PAN,,2015,LIII,Morelos
PRI,,2015,LIII,Morelos
PRI,,2015,LIII,Morelos
PT,,2015,LIII,Morelos
PVEM,,2015,LIII,Morelos
MoCi,,2015,LIII,Morelos
PNA,,2015,LIII,Morelos
PSD,,2015,LIII,Morelos
MORENA,,2015,LIII,Morelos
ENC SOC,,2015,LIII,Morelos
HUMAN,,2015,LIII,Morelos
PRD,VI,2012,LII,Morelos
PRD,II,2012,LII,Morelos
PRD,V,2012,LII,Morelos
PRD,I,2012,LII,Morelos
PRD,XV,2012,LII,Morelos
Guzmán,XV,2012,LII,Morelos
PRD,IV,2012,LII,Morelos
PRD,XIV,2012,LII,Morelos
PRI,XII,2012,LII,Morelos
PRI,XVI,2012,LII,Morelos
PRI,VII,2012,LII,Morelos
PRI,VIII,2012,LII,Morelos
PRI,,2012,LII,Morelos
PRI,,2012,LII,Morelos
PRI,,2012,LII,Morelos
PSD,,2012,LII,Morelos
PT,IX,2012,LII,Morelos
PT,XVIII,2012,LII,Morelos
PT,III,2012,LII,Morelos
PAN,,2012,LII,Morelos
PAN,,2012,LII,Morelos
PAN,,2012,LII,Morelos
PAN,,2012,LII,Morelos
PVEM,XVII,2012,LII,Morelos
PVEC,,2012,LII,Morelos
PVEM,,2012,LII,Morelos
MC,X,2012,LII,Morelos
PMC,XIII,2012,LII,Morelos
PANAL,,2012,LII,Morelos
PRI,I,2009,LI,Morelos
PRI,II,2009,LI,Morelos
PRI,III,2009,LI,Morelos
PRI,IV,2009,LI,Morelos
PRI,V,2009,LI,Morelos
PRI,VI,2009,LI,Morelos
PRI,VII,2009,LI,Morelos
PRI,VIII,2009,LI,Morelos
PRI,IX,2009,LI,Morelos
PRI,X,2009,LI,Morelos
PRI,XII,2009,LI,Morelos
PRI,XIII,2009,LI,Morelos
PRI,XV,2009,LI,Morelos
PRI,XVI,2009,LI,Morelos
PRI,XVII,2009,LI,Morelos
PAN,XI,2009,LI,Morelos
PAN,XIV,2009,LI,Morelos
PAN,XVIII,2009,LI,Morelos
PAN,,2009,LI,Morelos
PAN,,2009,LI,Morelos
PAN,,2009,LI,Morelos
PRD,,2009,LI,Morelos
PRD,,2009,LI,Morelos
PRD,,2009,LI,Morelos
PVEM,,2009,LI,Morelos
PVEM,,2009,LI,Morelos
CONV,,2009,LI,Morelos
CONV,,2009,LI,Morelos
PANAL,,2009,LI,Morelos
PT,,2009,LI,Morelos
PAN,I,2006,L,Morelos
PAN,II,2006,L,Morelos
PAN,III,2006,L,Morelos
PAN,IV,2006,L,Morelos
PAN,V,2006,L,Morelos
PRD,VI,2006,L,Morelos
PC,VII,2006,L,Morelos
PAN,VIII,2006,L,Morelos
PRD,IX,2006,L,Morelos
PRD,X,2006,L,Morelos
PRD,XI,2006,L,Morelos
PRD,XII,2006,L,Morelos
PAN,XIII,2006,L,Morelos
PRD,XIV,2006,L,Morelos
PC,XV,2006,L,Morelos
PAN,XVI,2006,L,Morelos
PAN,XVI,2006,L,Morelos
PRD,XVIII,2006,L,Morelos
PAN,,2006,L,Morelos
PAN,,2006,L,Morelos
PAN,,2006,L,Morelos
PC,,2006,L,Morelos
PRI,,2006,L,Morelos
PRI,,2006,L,Morelos
PVEM,,2006,L,Morelos
PVEM,,2006,L,Morelos
PANAL,,2006,L,Morelos
PANAL,,2006,L,Morelos
PAN,I,2003,XLIX,Morelos
PAN,II,2003,XLIX,Morelos
PAN,III,2003,XLIX,Morelos
PAN,IV,2003,XLIX,Morelos
PAN,V,2003,XLIX,Morelos
PAN,VI,2003,XLIX,Morelos
PAN,VII,2003,XLIX,Morelos
PAN,VIII,2003,XLIX,Morelos
PRD,IX,2003,XLIX,Morelos
PRI,X,2003,XLIX,Morelos
PRI,XI,2003,XLIX,Morelos
PRI,XII,2003,XLIX,Morelos
PRD,XIII,2003,XLIX,Morelos
PRD,XIV,2003,XLIX,Morelos
PAN,XV,2003,XLIX,Morelos
PRD,XVI,2003,XLIX,Morelos
PRI,XVII,2003,XLIX,Morelos
PRI,XVIII,2003,XLIX,Morelos
PRI,,2003,XLIX,Morelos
PRI,,2003,XLIX,Morelos
PRI,,2003,XLIX,Morelos
PRD,,2003,XLIX,Morelos
PRD,,2003,XLIX,Morelos
PRD,,2003,XLIX,Morelos
PRD,,2003,XLIX,Morelos
CONVERGENCIA,,2003,XLIX,Morelos
CONVERGENCIA,,2003,XLIX,Morelos
PVEM,,2003,XLIX,Morelos
PVEM,,2003,XLIX,Morelos
PVEM,,2003,XLIX,Morelos
PAN,I,2000,XLVIII,Morelos
PAN,II,2000,XLVIII,Morelos
PAN,III,2000,XLVIII,Morelos
PAN,IV,2000,XLVIII,Morelos
PAN,V,2000,XLVIII,Morelos
PAN,VI,2000,XLVIII,Morelos
PAN,VII,2000,XLVIII,Morelos
PAN,VIII,2000,XLVIII,Morelos
PRI,IX,2000,XLVIII,Morelos
PRI,X,2000,XLVIII,Morelos
PRI,XI,2000,XLVIII,Morelos
PAN,XII,2000,XLVIII,Morelos
PRI,XIII,2000,XLVIII,Morelos
PRI,XIV,2000,XLVIII,Morelos
PAN,XV,2000,XLVIII,Morelos
PRI,XVI,2000,XLVIII,Morelos
PRI,XVII,2000,XLVIII,Morelos
PRI,XVIII,2000,XLVIII,Morelos
PAN,,2000,XLVIII,Morelos
PAN,,2000,XLVIII,Morelos
PAN,,2000,XLVIII,Morelos
PAN,,2000,XLVIII,Morelos
PAN,,2000,XLVIII,Morelos
PRI,,2000,XLVIII,Morelos
PRI,,2000,XLVIII,Morelos
PRI,,2000,XLVIII,Morelos
PRI,,2000,XLVIII,Morelos
PRD,,2000,XLVIII,Morelos
PRD,,2000,XLVIII,Morelos
PRD,,2000,XLVIII,Morelos
PRI,,2012,LXXIII,Nuevo León
PAN,I,2012,LXXIII,Nuevo León
PT,,2012,LXXIII,Nuevo León
PRI,II,2012,LXXIII,Nuevo León
PAN,III,2012,LXXIII,Nuevo León
PAN,IV,2012,LXXIII,Nuevo León
PRI,,2012,LXXIII,Nuevo León
PAN,V,2012,LXXIII,Nuevo León
PRI,VI,2012,LXXIII,Nuevo León
PAN,VI,2012,LXXIII,Nuevo León
PRD,,2012,LXXIII,Nuevo León
PAN,VII,2012,LXXIII,Nuevo León
PAN,VIII,2012,LXXIII,Nuevo León
PAN,IX,2012,LXXIII,Nuevo León
PAN,X,2012,LXXIII,Nuevo León
PAN,XI,2012,LXXIII,Nuevo León
PAN,XII,2012,LXXIII,Nuevo León
PAN,,2012,LXXIII,Nuevo León
PRI,XIII,2012,LXXIII,Nuevo León
PRI,,2012,LXXIII,Nuevo León
PAN,XIV,2012,LXXIII,Nuevo León
PRI,,2012,LXXIII,Nuevo León
PAN,XV,2012,LXXIII,Nuevo León
PAN,,2012,LXXIII,Nuevo León
PRI,XVI,2012,LXXIII,Nuevo León
PAN,,2012,LXXIII,Nuevo León
PRI,XVII,2012,LXXIII,Nuevo León
PAN,XVIII,2012,LXXIII,Nuevo León
PANAL,,2012,LXXIII,Nuevo León
PAN,XIX,2012,LXXIII,Nuevo León
PRD,,2012,LXXIII,Nuevo León
PANAL,,2012,LXXIII,Nuevo León
PRI,XX,2012,LXXIII,Nuevo León
PAN,,2012,LXXIII,Nuevo León
PRI,XXI,2012,LXXIII,Nuevo León
PAN,,2012,LXXIII,Nuevo León
PRI,XXII,2012,LXXIII,Nuevo León
PT,,2012,LXXIII,Nuevo León
PRI,XXIII,2012,LXXIII,Nuevo León
PRI,XXIV,2012,LXXIII,Nuevo León
PANAL,,2012,LXXIII,Nuevo León
PRI,XXVI,2012,LXXIII,Nuevo León
PRI,I,2009,LXXII,Nuevo León
PRI,II,2009,LXXII,Nuevo León
PRI,III,2009,LXXII,Nuevo León
PRI,,2009,LXXII,Nuevo León
PRI,XIII,2009,LXXII,Nuevo León
PRI,XIV,2009,LXXII,Nuevo León
PRI,XVI,2009,LXXII,Nuevo León
PRI,XVII,2009,LXXII,Nuevo León
PRI,XX,2009,LXXII,Nuevo León
PRI,XXI,2009,LXXII,Nuevo León
PRI,XXII,2009,LXXII,Nuevo León
PRI,XXIII,2009,LXXII,Nuevo León
PRI,XXIV,2009,LXXII,Nuevo León
PRI,XXV,2009,LXXII,Nuevo León
PRI,XXVI,2009,LXXII,Nuevo León
PRI,,2009,LXXII,Nuevo León
PRI,,2009,LXXII,Nuevo León
PRI,,2009,LXXII,Nuevo León
PRI,,2009,LXXII,Nuevo León
PRI,,2009,LXXII,Nuevo León
PAN,IV,2009,LXXII,Nuevo León
PAN,V,2009,LXXII,Nuevo León
PAN,VII,2009,LXXII,Nuevo León
PAN,VIII,2009,LXXII,Nuevo León
PAN,IX,2009,LXXII,Nuevo León
PAN,X,2009,LXXII,Nuevo León
PAN,XI,2009,LXXII,Nuevo León
PAN,XII,2009,LXXII,Nuevo León
PAN,XV,2009,LXXII,Nuevo León
PAN,XVIII,2009,LXXII,Nuevo León
PAN,XIX,2009,LXXII,Nuevo León
PAN,VI,2009,LXXII,Nuevo León
PAN,,2009,LXXII,Nuevo León
PAN,,2009,LXXII,Nuevo León
PAN,,2009,LXXII,Nuevo León
PAN,,2009,LXXII,Nuevo León
PAN,,2009,LXXII,Nuevo León
PANAL,,2009,LXXII,Nuevo León
PANAL,,2009,LXXII,Nuevo León
PANAL,,2009,LXXII,Nuevo León
PT,,2009,LXXII,Nuevo León
PRD,,2009,LXXII,Nuevo León
PAN,III,2006,LXXI,Nuevo León
PAN,IV,2006,LXXI,Nuevo León
PAN,V,2006,LXXI,Nuevo León
PAN,VI,2006,LXXI,Nuevo León
PAN,VII,2006,LXXI,Nuevo León
PAN,VIII,2006,LXXI,Nuevo León
PAN,IX,2006,LXXI,Nuevo León
PAN,X,2006,LXXI,Nuevo León
PAN,XII,2006,LXXI,Nuevo León
PAN,XIV,2006,LXXI,Nuevo León
PAN,XV,2006,LXXI,Nuevo León
PAN,XVIII,2006,LXXI,Nuevo León
PAN,XIX,2006,LXXI,Nuevo León
PAN,XXI,2006,LXXI,Nuevo León
PAN,XXV,2006,LXXI,Nuevo León
PAN,,2006,LXXI,Nuevo León
PAN,,2006,LXXI,Nuevo León
PAN,,2006,LXXI,Nuevo León
PAN,,2006,LXXI,Nuevo León
PAN,,2006,LXXI,Nuevo León
PAN,,2006,LXXI,Nuevo León
PAN,XI,2006,LXXI,Nuevo León
PRI,XX,2006,LXXI,Nuevo León
PRI,XVII,2006,LXXI,Nuevo León
PRI,XVI,2006,LXXI,Nuevo León
PRI,I,2006,LXXI,Nuevo León
PRI,II,2006,LXXI,Nuevo León
PRI,XIII,2006,LXXI,Nuevo León
PRI,XXII,2006,LXXI,Nuevo León
PRI,XXIII,2006,LXXI,Nuevo León
PRI,XXIV,2006,LXXI,Nuevo León
PRI,XXVI,2006,LXXI,Nuevo León
PRI,,2006,LXXI,Nuevo León
PRI,,2006,LXXI,Nuevo León
PRI,,2006,LXXI,Nuevo León
PRI,,2006,LXXI,Nuevo León
PRI,,2006,LXXI,Nuevo León
PT,,2006,LXXI,Nuevo León
PT,,2006,LXXI,Nuevo León
PNA,,2006,LXXI,Nuevo León
PNA,,2006,LXXI,Nuevo León
PRD,,2006,LXXI,Nuevo León
PRI,I,2003,LXX,Nuevo León
PRI,II,2003,LXX,Nuevo León
PVEM,III,2003,LXX,Nuevo León
PAN,IV,2003,LXX,Nuevo León
PRI,V,2003,LXX,Nuevo León
PRI,VI,2003,LXX,Nuevo León
PAN,VII,2003,LXX,Nuevo León
PVEM,VIII,2003,LXX,Nuevo León
PAN,IX,2003,LXX,Nuevo León
PAN,X,2003,LXX,Nuevo León
PAN,XI,2003,LXX,Nuevo León
PRI,XII,2003,LXX,Nuevo León
PRI,XIII,2003,LXX,Nuevo León
PRI,XIV,2003,LXX,Nuevo León
PRI,XV,2003,LXX,Nuevo León
PRI,XVI,2003,LXX,Nuevo León
PRI,XVII,2003,LXX,Nuevo León
PRI,XVIII,2003,LXX,Nuevo León
PRI,XIX,2003,LXX,Nuevo León
PRI,XX,2003,LXX,Nuevo León
PRI,XXI,2003,LXX,Nuevo León
PRI,XXII,2003,LXX,Nuevo León
PRI,XXIII,2003,LXX,Nuevo León
PRI,XXIV,2003,LXX,Nuevo León
PAN,XXV,2003,LXX,Nuevo León
PRI,XXVI,2003,LXX,Nuevo León
IND,,2003,LXX,Nuevo León
PAN,,2003,LXX,Nuevo León
PRI,,2003,LXX,Nuevo León
PRI,,2003,LXX,Nuevo León
PRI,,2003,LXX,Nuevo León
IND,,2003,LXX,Nuevo León
PAN,,2003,LXX,Nuevo León
PRI,,2003,LXX,Nuevo León
PRD,,2003,LXX,Nuevo León
PAN,,2003,LXX,Nuevo León
PRI,,2003,LXX,Nuevo León
PT,,2003,LXX,Nuevo León
PAN,,2003,LXX,Nuevo León
PT,,2003,LXX,Nuevo León
PAN,,2003,LXX,Nuevo León
PT,,2003,LXX,Nuevo León
PRI,I,2000,LXIX,Nuevo León
PRI,II,2000,LXIX,Nuevo León
PAN,III,2000,LXIX,Nuevo León
PAN,IV,2000,LXIX,Nuevo León
PAN,V,2000,LXIX,Nuevo León
PAN,VI,2000,LXIX,Nuevo León
PAN,VII,2000,LXIX,Nuevo León
PAN,VIII,2000,LXIX,Nuevo León
PAN,IX,2000,LXIX,Nuevo León
PAN,X,2000,LXIX,Nuevo León
PAN,XI,2000,LXIX,Nuevo León
PAN,XII,2000,LXIX,Nuevo León
PAN,XIII,2000,LXIX,Nuevo León
PAN,XIV,2000,LXIX,Nuevo León
PAN,XV,2000,LXIX,Nuevo León
PRI,XVI,2000,LXIX,Nuevo León
PAN,XVII,2000,LXIX,Nuevo León
PAN,XVIII,2000,LXIX,Nuevo León
PAN,XIX,2000,LXIX,Nuevo León
PRI,XX,2000,LXIX,Nuevo León
PRI,XXI,2000,LXIX,Nuevo León
PRI,XXII,2000,LXIX,Nuevo León
PRI,XXIII,2000,LXIX,Nuevo León
PRI,XXIV,2000,LXIX,Nuevo León
PRI,XXV,2000,LXIX,Nuevo León
PAN,,2000,LXIX,Nuevo León
PAN,,2000,LXIX,Nuevo León
PAN,,2000,LXIX,Nuevo León
PAN,,2000,LXIX,Nuevo León
PAN,,2000,LXIX,Nuevo León
PAN,,2000,LXIX,Nuevo León
PAN,,2000,LXIX,Nuevo León
PRD,,2000,LXIX,Nuevo León
PRI,,2000,LXIX,Nuevo León
PRI,,2000,LXIX,Nuevo León
PRI,,2000,LXIX,Nuevo León
PRI,,2000,LXIX,Nuevo León
PRI,,2000,LXIX,Nuevo León
PRI,,2000,LXIX,Nuevo León
PT,,2000,LXIX,Nuevo León
PT,,2000,LXIX,Nuevo León
PRI,I,2013,LXII,Oaxaca
PRI,II,2013,LXII,Oaxaca
PRI,III,2013,LXII,Oaxaca
PAN,IV,2013,LXII,Oaxaca
PRD,V,2013,LXII,Oaxaca
PAN,VI,2013,LXII,Oaxaca
PRI,VII,2013,LXII,Oaxaca
PAN,VIII,2013,LXII,Oaxaca
PRI,IX,2013,LXII,Oaxaca
PAN,X,2013,LXII,Oaxaca
PRI,XI,2013,LXII,Oaxaca
PRD,XII,2013,LXII,Oaxaca
PRD,XIII,2013,LXII,Oaxaca
PRI,XIV,2013,LXII,Oaxaca
PRD,XV,2013,LXII,Oaxaca
PRD,XVI,2013,LXII,Oaxaca
PRI,XVII,2013,LXII,Oaxaca
PVEM,XVIII,2013,LXII,Oaxaca
PAN,XIX,2013,LXII,Oaxaca
PAN,XX,2013,LXII,Oaxaca
PRI,XXI,2013,LXII,Oaxaca
PAN,XXII,2013,LXII,Oaxaca
PRI,XXIII,2013,LXII,Oaxaca
PRD,XXIV,2013,LXII,Oaxaca
PRI,XXV,2013,LXII,Oaxaca
PRI,,2013,LXII,Oaxaca
PRI,,2013,LXII,Oaxaca
PRI,,2013,LXII,Oaxaca
PRI,,2013,LXII,Oaxaca
PRI,,2013,LXII,Oaxaca
PRI,,2013,LXII,Oaxaca
PRD,,2013,LXII,Oaxaca
PRD,,2013,LXII,Oaxaca
PT,,2013,LXII,Oaxaca
NDF,,2013,LXII,Oaxaca
UP,,2013,LXII,Oaxaca
PANAL,,2013,LXII,Oaxaca
PSD,,2013,LXII,Oaxaca
PRD,I,2010,LXI,Oaxaca
PRD,II,2010,LXI,Oaxaca
CONV,III,2010,LXI,Oaxaca
PAN,IV,2010,LXI,Oaxaca
PRD,V,2010,LXI,Oaxaca
PRI,VI,2010,LXI,Oaxaca
PRI,VII,2010,LXI,Oaxaca
PAN,VIII,2010,LXI,Oaxaca
PRI,IX,2010,LXI,Oaxaca
PAN,X,2010,LXI,Oaxaca
PRI,XI,2010,LXI,Oaxaca
PRD,XII,2010,LXI,Oaxaca
PT,XIII,2010,LXI,Oaxaca
PRI,XIV,2010,LXI,Oaxaca
PAN,XV,2010,LXI,Oaxaca
PRI,XVI,2010,LXI,Oaxaca
PRI,XVII,2010,LXI,Oaxaca
CONV,XVIII,2010,LXI,Oaxaca
PAN,XIX,2010,LXI,Oaxaca
PAN,XX,2010,LXI,Oaxaca
PRI,XXI,2010,LXI,Oaxaca
PAN,XXII,2010,LXI,Oaxaca
PRI,XXIII,2010,LXI,Oaxaca
PRD,XXIV,2010,LXI,Oaxaca
PAN,XXV,2010,LXI,Oaxaca
PAN,,2010,LXI,Oaxaca
PAN,,2010,LXI,Oaxaca
PAN,,2010,LXI,Oaxaca
PRD,,2010,LXI,Oaxaca
PRD,,2010,LXI,Oaxaca
PRD,,2010,LXI,Oaxaca
PRD,,2010,LXI,Oaxaca
PRI,,2010,LXI,Oaxaca
PRI,,2010,LXI,Oaxaca
PRI,,2010,LXI,Oaxaca
PRI,,2010,LXI,Oaxaca
PRI,,2010,LXI,Oaxaca
PRI,,2010,LXI,Oaxaca
PRI,,2010,LXI,Oaxaca
PT,,2010,LXI,Oaxaca
Convergencia,,2010,LXI,Oaxaca
PUP,,2010,LXI,Oaxaca
PRI,I,2007,LX,Oaxaca
PRI,II,2007,LX,Oaxaca
PRI,III,2007,LX,Oaxaca
PRI,IV,2007,LX,Oaxaca
PRI,V,2007,LX,Oaxaca
PRI,VI,2007,LX,Oaxaca
PRI,VII,2007,LX,Oaxaca
PRI,VIII,2007,LX,Oaxaca
PRI,IX,2007,LX,Oaxaca
PRI,X,2007,LX,Oaxaca
PRI,XI,2007,LX,Oaxaca
PRI,XII,2007,LX,Oaxaca
PRI,XIII,2007,LX,Oaxaca
PRI,XIV,2007,LX,Oaxaca
PRI,XV,2007,LX,Oaxaca
PRI,XVI,2007,LX,Oaxaca
PRI,XVII,2007,LX,Oaxaca
PRI,XVIII,2007,LX,Oaxaca
PRI,XIX,2007,LX,Oaxaca
PRI,XX,2007,LX,Oaxaca
PRI,XXI,2007,LX,Oaxaca
PRI,XXII,2007,LX,Oaxaca
PRI,XXIII,2007,LX,Oaxaca
PRI,XXIV,2007,LX,Oaxaca
PRI,XXV,2007,LX,Oaxaca
PRD,,2007,LX,Oaxaca
PRD,,2007,LX,Oaxaca
PRD,,2007,LX,Oaxaca
PRD,,2007,LX,Oaxaca
PRD,,2007,LX,Oaxaca
PRD,,2007,LX,Oaxaca
Convergencia,,2007,LX,Oaxaca
Convergencia,,2007,LX,Oaxaca
Convergencia,,2007,LX,Oaxaca
PT,,2007,LX,Oaxaca
PAN,,2007,LX,Oaxaca
PAN,,2007,LX,Oaxaca
PAN,,2007,LX,Oaxaca
PAN,,2007,LX,Oaxaca
Unidad Popular,,2007,LX,Oaxaca
PNA,,2007,LX,Oaxaca
PASD,,2007,LX,Oaxaca
PRI,,2004,LIX,Oaxaca
PRI,V,2004,LIX,Oaxaca
PRI,XXIII,2004,LIX,Oaxaca
PRI,VI,2004,LIX,Oaxaca
PRI,XXV,2004,LIX,Oaxaca
PRI,XIX,2004,LIX,Oaxaca
PRI,XVI,2004,LIX,Oaxaca
PRI,XII,2004,LIX,Oaxaca
PRI,II,2004,LIX,Oaxaca
PRI,X,2004,LIX,Oaxaca
PRI,,2004,LIX,Oaxaca
PRI,,2004,LIX,Oaxaca
PRI,VII,2004,LIX,Oaxaca
PRI,III,2004,LIX,Oaxaca
PRI,XX,2004,LIX,Oaxaca
PRI,XVII,2004,LIX,Oaxaca
PRI,,2004,LIX,Oaxaca
PRI,XIII,2004,LIX,Oaxaca
PRI,,2004,LIX,Oaxaca
PRI,IV,2004,LIX,Oaxaca
PRI,XXI,2004,LIX,Oaxaca
PRI,XIV,2004,LIX,Oaxaca
PRI,XV,2004,LIX,Oaxaca
PAN,I,2004,LIX,Oaxaca
PAN,XXII,2004,LIX,Oaxaca
PAN,XVIII,2004,LIX,Oaxaca
PAN,,2004,LIX,Oaxaca
PAN,,2004,LIX,Oaxaca
PAN,,2004,LIX,Oaxaca
PRD,,2004,LIX,Oaxaca
PRD,VIII,2004,LIX,Oaxaca
PRD,IX,2004,LIX,Oaxaca
PRD,,2004,LIX,Oaxaca
PRD,XI,2004,LIX,Oaxaca
PRD,XXIV,2004,LIX,Oaxaca
PRD,,2004,LIX,Oaxaca
PVEM,,2004,LIX,Oaxaca
PC,,2004,LIX,Oaxaca
PC,,2004,LIX,Oaxaca
PT,,2004,LIX,Oaxaca
PUP,,2004,LIX,Oaxaca
PRI,I,2001,LVIII,Oaxaca
PRI,II,2001,LVIII,Oaxaca
PRI,III,2001,LVIII,Oaxaca
PRI,IV,2001,LVIII,Oaxaca
PRI,V,2001,LVIII,Oaxaca
PRI,VI,2001,LVIII,Oaxaca
PRI,VII,2001,LVIII,Oaxaca
PRI,VIII,2001,LVIII,Oaxaca
PRI,IX,2001,LVIII,Oaxaca
PRI,X,2001,LVIII,Oaxaca
PRI,XI,2001,LVIII,Oaxaca
PRD,XII,2001,LVIII,Oaxaca
PRI,XIII,2001,LVIII,Oaxaca
PRI,XIV,2001,LVIII,Oaxaca
PRI,XV,2001,LVIII,Oaxaca
PRI,XVI,2001,LVIII,Oaxaca
PRI,XVII,2001,LVIII,Oaxaca
PRI,XVIII,2001,LVIII,Oaxaca
PRI,XIX,2001,LVIII,Oaxaca
PRI,XX,2001,LVIII,Oaxaca
PRI,XXI,2001,LVIII,Oaxaca
PRI,XXII,2001,LVIII,Oaxaca
PRI,XXIII,2001,LVIII,Oaxaca
PRI,XXIV,2001,LVIII,Oaxaca
PRI,XXV,2001,LVIII,Oaxaca
PAN,,2001,LVIII,Oaxaca
PAN,,2001,LVIII,Oaxaca
PAN,,2001,LVIII,Oaxaca
PAN,,2001,LVIII,Oaxaca
PAN,,2001,LVIII,Oaxaca
PAN,,2001,LVIII,Oaxaca
PAN,,2001,LVIII,Oaxaca
PRI,,2001,LVIII,Oaxaca
PRD,,2001,LVIII,Oaxaca
PRD,,2001,LVIII,Oaxaca
PRD,,2001,LVIII,Oaxaca
PRD,,2001,LVIII,Oaxaca
PRD,,2001,LVIII,Oaxaca
PRD,,2001,LVIII,Oaxaca
PRD,,2001,LVIII,Oaxaca
PT,,2001,LVIII,Oaxaca
PCPD,,2001,LVIII,Oaxaca
PAN,I,2014,LIX,Puebla
PRD,II,2014,LIX,Puebla
Nueva Alianza,III,2014,LIX,Puebla
PAN,IV,2014,LIX,Puebla
Comp con Puebla,V,2014,LIX,Puebla
PAN,VI,2014,LIX,Puebla
PAN,VII,2014,LIX,Puebla
PAN,VIII,2014,LIX,Puebla
Comp. con Puebla,IX,2014,LIX,Puebla
PAN,X,2014,LIX,Puebla
PAN,XI,2014,LIX,Puebla
PANAL,XII,2014,LIX,Puebla
PAN,XIII,2014,LIX,Puebla
PAN,XIV,2014,LIX,Puebla
PAN,XV,2014,LIX,Puebla
PAN,XVI,2014,LIX,Puebla
PAN,XVII,2014,LIX,Puebla
PRI,XVIII,2014,LIX,Puebla
PRD,XIX,2014,LIX,Puebla
Comp. con Puebla,XX,2014,LIX,Puebla
PAN,I,2011,LVIII,Puebla
PAN,II,2011,LVIII,Puebla
PAN,III,2011,LVIII,Puebla
PAN,IV,2011,LVIII,Puebla
PAN,V,2011,LVIII,Puebla
PAN,VI,2011,LVIII,Puebla
PRI,VII,2011,LVIII,Puebla
PAN,VIII,2011,LVIII,Puebla
PAN,IX,2011,LVIII,Puebla
PRI,X,2011,LVIII,Puebla
PRI,XI,2011,LVIII,Puebla
PRI,XII,2011,LVIII,Puebla
PVEM,XIII,2011,LVIII,Puebla
PAN,XIV,2011,LVIII,Puebla
PRI,XV,2011,LVIII,Puebla
PRI,XVI,2011,LVIII,Puebla
PAN,XVII,2011,LVIII,Puebla
PRI,XVIII,2011,LVIII,Puebla
PAN,XIX,2011,LVIII,Puebla
PAN,XX,2011,LVIII,Puebla
PAN,XXI,2011,LVIII,Puebla
PAN,XXII,2011,LVIII,Puebla
PRI,XXIII,2011,LVIII,Puebla
PRI,XXIV,2011,LVIII,Puebla
PRI,XXV,2011,LVIII,Puebla
PRI,XXVI,2011,LVIII,Puebla
PAN,,2011,LVIII,Puebla
PAN,,2011,LVIII,Puebla
PAN,,2011,LVIII,Puebla
PAN,,2011,LVIII,Puebla
PAN,,2011,LVIII,Puebla
PAN,,2011,LVIII,Puebla
PRI,,2011,LVIII,Puebla
PRI,,2011,LVIII,Puebla
PRI,,2011,LVIII,Puebla
PRI,,2011,LVIII,Puebla
PRI,,2011,LVIII,Puebla
PVEM,,2011,LVIII,Puebla
PVEM,,2011,LVIII,Puebla
CONV,,2011,LVIII,Puebla
PT,,2011,LVIII,Puebla
PRI,I,2008,LVII,Puebla
PRI,II,2008,LVII,Puebla
PRI,III,2008,LVII,Puebla
PRI,IV,2008,LVII,Puebla
PRI,V,2008,LVII,Puebla
PRI,VI,2008,LVII,Puebla
PRI,VII,2008,LVII,Puebla
PRI,VIII,2008,LVII,Puebla
PRI,IX,2008,LVII,Puebla
PRI,X,2008,LVII,Puebla
PRI,XI,2008,LVII,Puebla
PRI,XII,2008,LVII,Puebla
PRI,XIII,2008,LVII,Puebla
PRI,XIV,2008,LVII,Puebla
PRI,XV,2008,LVII,Puebla
PRI,XVI,2008,LVII,Puebla
PAN,XVII,2008,LVII,Puebla
PRI,XVIII,2008,LVII,Puebla
PRI,XIX,2008,LVII,Puebla
PRI,XX,2008,LVII,Puebla
PRI,XXI,2008,LVII,Puebla
PRI,XXII,2008,LVII,Puebla
PRI,XXIII,2008,LVII,Puebla
PRI,XXIV,2008,LVII,Puebla
PRI,XXV,2008,LVII,Puebla
PRI,XXVI,2008,LVII,Puebla
PRI,,2008,LVII,Puebla
PAN,,2008,LVII,Puebla
PAN,,2008,LVII,Puebla
PAN,,2008,LVII,Puebla
PAN,,2008,LVII,Puebla
PAN,,2008,LVII,Puebla
PAN,,2008,LVII,Puebla
PAN,,2008,LVII,Puebla
PRD,,2008,LVII,Puebla
PRD,,2008,LVII,Puebla
Convergencia,,2008,LVII,Puebla
PNA,,2008,LVII,Puebla
PNA,,2008,LVII,Puebla
PT,,2008,LVII,Puebla
PT,,2008,LVII,Puebla
PRI,I,2005,LVI,Puebla
PRI,II,2005,LVI,Puebla
PRI,III,2005,LVI,Puebla
PRI,IV,2005,LVI,Puebla
PRI,V,2005,LVI,Puebla
PRI,VI,2005,LVI,Puebla
PAN,VII,2005,LVI,Puebla
PRI,VIII,2005,LVI,Puebla
PAN,IX,2005,LVI,Puebla
PRI,X,2005,LVI,Puebla
PRI,XI,2005,LVI,Puebla
PRI,XII,2005,LVI,Puebla
PRI,XIII,2005,LVI,Puebla
PAN,XIV,2005,LVI,Puebla
PRI,XV,2005,LVI,Puebla
PRI,XVI,2005,LVI,Puebla
PRI,XVII,2005,LVI,Puebla
PRI,XVIII,2005,LVI,Puebla
PRI,XIX,2005,LVI,Puebla
PRI,XX,2005,LVI,Puebla
PRI,XXI,2005,LVI,Puebla
PRI,XXII,2005,LVI,Puebla
PRI,XXIII,2005,LVI,Puebla
PRI,XXIV,2005,LVI,Puebla
PRI,XXV,2005,LVI,Puebla
PRI,XXVI,2005,LVI,Puebla
PAN,,2005,LVI,Puebla
PAN,,2005,LVI,Puebla
PAN,,2005,LVI,Puebla
PAN,,2005,LVI,Puebla
PAN,,2005,LVI,Puebla
PRI,,2005,LVI,Puebla
PRI,,2005,LVI,Puebla
PRI,,2005,LVI,Puebla
PRD,,2005,LVI,Puebla
PRD,,2005,LVI,Puebla
PT,,2005,LVI,Puebla
PVEM,,2005,LVI,Puebla
PVEM,,2005,LVI,Puebla
Convergencia,,2005,LVI,Puebla
Convergencia,,2005,LVI,Puebla
PAN,I,2002,LV,Puebla
PAN,II,2002,LV,Puebla
PRI,III,2002,LV,Puebla
PAN,IV,2002,LV,Puebla
PAN,V,2002,LV,Puebla
PAN,VI,2002,LV,Puebla
PRI,VII,2002,LV,Puebla
PRI,VIII,2002,LV,Puebla
PAN,IX,2002,LV,Puebla
PRI,X,2002,LV,Puebla
PRI,XI,2002,LV,Puebla
PRI,XII,2002,LV,Puebla
PRI,XIII,2002,LV,Puebla
PRI,XIV,2002,LV,Puebla
PRI,XV,2002,LV,Puebla
PRI,XVI,2002,LV,Puebla
PRI,XVII,2002,LV,Puebla
PRI,XVIII,2002,LV,Puebla
PRI,XIX,2002,LV,Puebla
PRI,XX,2002,LV,Puebla
PRI,XXI,2002,LV,Puebla
PRI,XXII,2002,LV,Puebla
PRI,XXIII,2002,LV,Puebla
PRI,XXIV,2002,LV,Puebla
PRI,XXV,2002,LV,Puebla
PRI,XXVI,2002,LV,Puebla
PAN,,2002,LV,Puebla
PAN,,2002,LV,Puebla
PAN,,2002,LV,Puebla
PAN,,2002,LV,Puebla
PCD,,2002,LV,Puebla
PRD,,2002,LV,Puebla
PRD,,2002,LV,Puebla
PRI,,2002,LV,Puebla
PRI,,2002,LV,Puebla
PRI,,2002,LV,Puebla
PRI,,2002,LV,Puebla
PRI,,2002,LV,Puebla
PVEM,,2002,LV,Puebla
PVEM,,2002,LV,Puebla
PT,,2002,LV,Puebla
PAN,I,2010,LX,Sinaloa
PAN,I,2010,LX,Sinaloa
PAN,III,2010,LX,Sinaloa
PAN,IV,2010,LX,Sinaloa
PAN,V,2010,LX,Sinaloa
PRI,VI,2010,LX,Sinaloa
PRI,VII,2010,LX,Sinaloa
PRI,VIII,2010,LX,Sinaloa
PAN,IX,2010,LX,Sinaloa
PRI,X,2010,LX,Sinaloa
PRI,XI,2010,LX,Sinaloa
PRI,XII,2010,LX,Sinaloa
PRI,XIII,2010,LX,Sinaloa
PRI,XIV,2010,LX,Sinaloa
PRI,XV,2010,LX,Sinaloa
PRI,XVI,2010,LX,Sinaloa
PRI,XVII,2010,LX,Sinaloa
PRI,XVIII,2010,LX,Sinaloa
PAN,XIX,2010,LX,Sinaloa
PRI,XX,2010,LX,Sinaloa
PANAL,XXI,2010,LX,Sinaloa
PAN,XXII,2010,LX,Sinaloa
PAN,XXIII,2010,LX,Sinaloa
PRI,XXIV,2010,LX,Sinaloa
PRI,,2010,LX,Sinaloa
PANAL,,2010,LX,Sinaloa
PRI,,2010,LX,Sinaloa
PANAL,,2010,LX,Sinaloa
PRI,,2010,LX,Sinaloa
PRD,,2010,LX,Sinaloa
PVEM,,2010,LX,Sinaloa
PAN,,2010,LX,Sinaloa
CONV,,2010,LX,Sinaloa
PRI,,2010,LX,Sinaloa
INDE,,2010,LX,Sinaloa
PT,,2010,LX,Sinaloa
PAN,,2010,LX,Sinaloa
PRI,,2010,LX,Sinaloa
PRD,,2010,LX,Sinaloa
PAN,,2010,LX,Sinaloa
PAN,I,2007,LIX,Sinaloa
PAN,II,2007,LIX,Sinaloa
PRI,III,2007,LIX,Sinaloa
PRI,IV,2007,LIX,Sinaloa
PRI,V,2007,LIX,Sinaloa
PRI,VI,2007,LIX,Sinaloa
PAN,VII,2007,LIX,Sinaloa
PRI,VIII,2007,LIX,Sinaloa
PAN,IX,2007,LIX,Sinaloa
PRI,X,2007,LIX,Sinaloa
PRI,XI,2007,LIX,Sinaloa
PRI,XII,2007,LIX,Sinaloa
PRI,XIII,2007,LIX,Sinaloa
PRI,XIV,2007,LIX,Sinaloa
PRI,XV,2007,LIX,Sinaloa
PRI,XVI,2007,LIX,Sinaloa
PRI,XVII,2007,LIX,Sinaloa
PRI,XVIII,2007,LIX,Sinaloa
PAN,XIX,2007,LIX,Sinaloa
PRI,XX,2007,LIX,Sinaloa
PRI,XXI,2007,LIX,Sinaloa
PRI,XXII,2007,LIX,Sinaloa
PAN,XXIII,2007,LIX,Sinaloa
PRI,XXIV,2007,LIX,Sinaloa
PRI,,2007,LIX,Sinaloa
PRI,,2007,LIX,Sinaloa
PRI,,2007,LIX,Sinaloa
PRI,,2007,LIX,Sinaloa
PRI,,2007,LIX,Sinaloa
PRI,,2007,LIX,Sinaloa
PAN,,2007,LIX,Sinaloa
PAN,,2007,LIX,Sinaloa
PAN,,2007,LIX,Sinaloa
PAN,,2007,LIX,Sinaloa
PAN,,2007,LIX,Sinaloa
PAN,,2007,LIX,Sinaloa
PAN,,2007,LIX,Sinaloa
PAN,,2007,LIX,Sinaloa
PRD,,2007,LIX,Sinaloa
PRD,,2007,LIX,Sinaloa
PRI,VI,2004,LVIII,Sinaloa
PRI,,2004,LVIII,Sinaloa
PRD,,2004,LVIII,Sinaloa
PRI,XXIII,2004,LVIII,Sinaloa
PRI,VIII,2004,LVIII,Sinaloa
PRI,,2004,LVIII,Sinaloa
PAN,,2004,LVIII,Sinaloa
PAN,,2004,LVIII,Sinaloa
PRD,,2004,LVIII,Sinaloa
PRI,VII,2004,LVIII,Sinaloa
PAN,,2004,LVIII,Sinaloa
PRI,XXI,2004,LVIII,Sinaloa
PAN,I,2004,LVIII,Sinaloa
PAN,XIX,2004,LVIII,Sinaloa
PRI,XX,2004,LVIII,Sinaloa
PRI,XV,2004,LVIII,Sinaloa
PRI,,2004,LVIII,Sinaloa
PRI,XIV,2004,LVIII,Sinaloa
PRI,XIII,2004,LVIII,Sinaloa
PAN,,2004,LVIII,Sinaloa
PRI,X,2004,LVIII,Sinaloa
PAN,,2004,LVIII,Sinaloa
PRI,XI,2004,LVIII,Sinaloa
PRI,XII,2004,LVIII,Sinaloa
PRI,IX,2004,LVIII,Sinaloa
PAN,XXIV,2004,LVIII,Sinaloa
PAN,XXII,2004,LVIII,Sinaloa
PRI,III,2004,LVIII,Sinaloa
PAN,,2004,LVIII,Sinaloa
PAN,,2004,LVIII,Sinaloa
PRI,XVII,2004,LVIII,Sinaloa
PRI,XVI,2004,LVIII,Sinaloa
PRD,XVIII,2004,LVIII,Sinaloa
PAN,V,2004,LVIII,Sinaloa
PAN,,2004,LVIII,Sinaloa
PT,,2004,LVIII,Sinaloa
PAN,,2004,LVIII,Sinaloa
PAN,,2004,LVIII,Sinaloa
PRI,II,2004,LVIII,Sinaloa
PRI,IV,2004,LVIII,Sinaloa
PRI,I,2001,LVII,Sinaloa
PRI,II,2001,LVII,Sinaloa
PRI,III,2001,LVII,Sinaloa
PRI,IV,2001,LVII,Sinaloa
PAN,V,2001,LVII,Sinaloa
PRI,VI,2001,LVII,Sinaloa
PRI,VII,2001,LVII,Sinaloa
PRI,VIII,2001,LVII,Sinaloa
PAN,IX,2001,LVII,Sinaloa
PRI,X,2001,LVII,Sinaloa
PRI,XI,2001,LVII,Sinaloa
PRI,XII,2001,LVII,Sinaloa
PRI,XIII,2001,LVII,Sinaloa
PRI,XIV,2001,LVII,Sinaloa
PRI,XV,2001,LVII,Sinaloa
PRI,XVI,2001,LVII,Sinaloa
PRI,XVII,2001,LVII,Sinaloa
PRI,XVIII,2001,LVII,Sinaloa
PT,XIX,2001,LVII,Sinaloa
PRI,XX,2001,LVII,Sinaloa
PRI,XXI,2001,LVII,Sinaloa
PRI,XXII,2001,LVII,Sinaloa
PAN,XXIII,2001,LVII,Sinaloa
PRI,XXIV,2001,LVII,Sinaloa
PRI,,2001,LVII,Sinaloa
PAN,,2001,LVII,Sinaloa
PAN,,2001,LVII,Sinaloa
PAN,,2001,LVII,Sinaloa
PAN,,2001,LVII,Sinaloa
PAN,,2001,LVII,Sinaloa
PAN,,2001,LVII,Sinaloa
PAN,,2001,LVII,Sinaloa
PAN,,2001,LVII,Sinaloa
PAN,,2001,LVII,Sinaloa
PRD,,2001,LVII,Sinaloa
PRD,,2001,LVII,Sinaloa
PRD,,2001,LVII,Sinaloa
PT,,2001,LVII,Sinaloa
PT,,2001,LVII,Sinaloa
PBS,,2001,LVII,Sinaloa
PAN,I,2012,LX,Sonora
PAN,II,2012,LX,Sonora
PAN,III,2012,LX,Sonora
PRI,IV,2012,LX,Sonora
PAN,V,2012,LX,Sonora
PRI,VI,2012,LX,Sonora
PRI,VII,2012,LX,Sonora
PAN,VIII,2012,LX,Sonora
PAN,IX,2012,LX,Sonora
PAN,X,2012,LX,Sonora
PAN,XI,2012,LX,Sonora
PAN,XII,2012,LX,Sonora
PRI,XIII,2012,LX,Sonora
PRI,XIV,2012,LX,Sonora
PRI,XV,2012,LX,Sonora
PRI,XVI,2012,LX,Sonora
PRI,XVIII,2012,LX,Sonora
PAN,XIX,2012,LX,Sonora
PAN,XX,2012,LX,Sonora
PVEM,XXI,2012,LX,Sonora
PAN,,2012,LX,Sonora
PANAL,,2012,LX,Sonora
PAN,,2012,LX,Sonora
PAN,,2012,LX,Sonora
PVEM,,2012,LX,Sonora
PRD,,2012,LX,Sonora
PRI,,2012,LX,Sonora
PRI,,2012,LX,Sonora
PRI,,2012,LX,Sonora
PVEM,,2012,LX,Sonora
PRD,,2012,LX,Sonora
PAN,I,2009,LIX,Sonora
PRI,II,2009,LIX,Sonora
PAN,III,2009,LIX,Sonora
PAN,IV,2009,LIX,Sonora
PAN,V,2009,LIX,Sonora
PANAL,VI,2009,LIX,Sonora
PAN,VII,2009,LIX,Sonora
PRI,VIII,2009,LIX,Sonora
PAN,IX,2009,LIX,Sonora
PVEM,X,2009,LIX,Sonora
PRI,XI,2009,LIX,Sonora
PRI,XII,2009,LIX,Sonora
PRI,XIII,2009,LIX,Sonora
PAN,XIV,2009,LIX,Sonora
PRI,XV,2009,LIX,Sonora
PAN,XVI,2009,LIX,Sonora
PAN,XVII,2009,LIX,Sonora
PRI,XVIII,2009,LIX,Sonora
PRI,XIX,2009,LIX,Sonora
PRI,XX,2009,LIX,Sonora
PRI,XXI,2009,LIX,Sonora
PRD,,2009,LIX,Sonora
PRI,,2009,LIX,Sonora
PRI,,2009,LIX,Sonora
PAN,,2009,LIX,Sonora
PAN,,2009,LIX,Sonora
PAN,,2009,LIX,Sonora
PAN,,2009,LIX,Sonora
PAN,,2009,LIX,Sonora
PANAL,,2009,LIX,Sonora
PRD,,2009,LIX,Sonora
PVEM,,2009,LIX,Sonora
PANAL,,2009,LIX,Sonora
PAN,I,2006,LVIII,Sonora
PRI,II,2006,LVIII,Sonora
PAN,III,2006,LVIII,Sonora
PAN,IV,2006,LVIII,Sonora
PRI,V,2006,LVIII,Sonora
PRI,VI,2006,LVIII,Sonora
PAN,VII,2006,LVIII,Sonora
PAN,VIII,2006,LVIII,Sonora
PRI,IX,2006,LVIII,Sonora
PRI,X,2006,LVIII,Sonora
PRI,XI,2006,LVIII,Sonora
PAN,XII,2006,LVIII,Sonora
PRI,XIII,2006,LVIII,Sonora
PRI,XIV,2006,LVIII,Sonora
PRI,XV,2006,LVIII,Sonora
PRI,XVI,2006,LVIII,Sonora
PRI,XVII,2006,LVIII,Sonora
PNA,XVIII,2006,LVIII,Sonora
PRI,XIX,2006,LVIII,Sonora
PAN,XX,2006,LVIII,Sonora
PRI,XXI,2006,LVIII,Sonora
PT,,2006,LVIII,Sonora
PNA,,2006,LVIII,Sonora
PRI,,2006,LVIII,Sonora
PAN,,2006,LVIII,Sonora
PRD,,2006,LVIII,Sonora
PRD,,2006,LVIII,Sonora
PRD,,2006,LVIII,Sonora
PAN,,2006,LVIII,Sonora
PAN,,2006,LVIII,Sonora
PAN,,2006,LVIII,Sonora
PAN,,2006,LVIII,Sonora
PAN,,2006,LVIII,Sonora
PAN,I,2003,LVII,Sonora
PRI,II,2003,LVII,Sonora
PRI,III,2003,LVII,Sonora
PRI,IV,2003,LVII,Sonora
PRI,V,2003,LVII,Sonora
PRI,VI,2003,LVII,Sonora
PRI,VII,2003,LVII,Sonora
PRI,VIII,2003,LVII,Sonora
PRI,IX,2003,LVII,Sonora
PAN,X,2003,LVII,Sonora
PRI,XI,2003,LVII,Sonora
PAN,XII,2003,LVII,Sonora
PAN,XIII,2003,LVII,Sonora
PAN,XIV,2003,LVII,Sonora
PRI,XV,2003,LVII,Sonora
PRI,XVI,2003,LVII,Sonora
PRI,XVII,2003,LVII,Sonora
PAN,XVIII,2003,LVII,Sonora
PRI,XIX,2003,LVII,Sonora
PRI,XX,2003,LVII,Sonora
PRI,XXI,2003,LVII,Sonora
PRI,,2003,LVII,Sonora
PRI,,2003,LVII,Sonora
PAN,,2003,LVII,Sonora
PAN,,2003,LVII,Sonora
PAN,,2003,LVII,Sonora
PAN,,2003,LVII,Sonora
PAN,,2003,LVII,Sonora
PAN,,2003,LVII,Sonora
PRD,,2003,LVII,Sonora
PRD,,2003,LVII,Sonora
PAN,I,2000,LVI,Sonora
PRI,II,2000,LVI,Sonora
PAN,III,2000,LVI,Sonora
PAN,IV,2000,LVI,Sonora
PRI,V,2000,LVI,Sonora
PAN,VI,2000,LVI,Sonora
PAN,VII,2000,LVI,Sonora
PRI,VIII,2000,LVI,Sonora
PRI,IX,2000,LVI,Sonora
PRI,X,2000,LVI,Sonora
PRI,XI,2000,LVI,Sonora
PAN,XII,2000,LVI,Sonora
PAN,XIII,2000,LVI,Sonora
PAN,XIV,2000,LVI,Sonora
PRD,XV,2000,LVI,Sonora
PRI,XVI,2000,LVI,Sonora
PRI,XVII,2000,LVI,Sonora
PRD,XVIII,2000,LVI,Sonora
PRI,XIX,2000,LVI,Sonora
PRI,XX,2000,LVI,Sonora
PRI,XXI,2000,LVI,Sonora
PAN,,2000,LVI,Sonora
PAN,,2000,LVI,Sonora
PAN,,2000,LVI,Sonora
PAN,,2000,LVI,Sonora
PAN,,2000,LVI,Sonora
PRD,,2000,LVI,Sonora
PRD,,2000,LVI,Sonora
PRI,,2000,LVI,Sonora
PRI,,2000,LVI,Sonora
PRI,,2000,LVI,Sonora
PRI,,2000,LVI,Sonora
PRI,,2000,LVI,Sonora
PRI,,2010,LX,Tabasco
PRI,XIX,2010,LX,Tabasco
PRI,III,2010,LX,Tabasco
PRI,XXI,2010,LX,Tabasco
PRI,XIV,2010,LX,Tabasco
PRI,V,2010,LX,Tabasco
PRI,,2010,LX,Tabasco
PRI,VI,2010,LX,Tabasco
PRI,,2010,LX,Tabasco
PRI,XVII,2010,LX,Tabasco
PRI,IX,2010,LX,Tabasco
PRI,II,2010,LX,Tabasco
PRI,XIII,2010,LX,Tabasco
PRI,IV,2010,LX,Tabasco
PRI,VII,2010,LX,Tabasco
PRI,,2010,LX,Tabasco
PRI,,2010,LX,Tabasco
PRI,,2010,LX,Tabasco
PRD,,2010,LX,Tabasco
PRD,XV,2010,LX,Tabasco
PRD,,2010,LX,Tabasco
PRD,XII,2010,LX,Tabasco
PRD,X,2010,LX,Tabasco
PRD,XVIII,2010,LX,Tabasco
PRD,,2010,LX,Tabasco
PRD,,2010,LX,Tabasco
PRD,XX,2010,LX,Tabasco
PRD,XVI,2010,LX,Tabasco
PRD,,2010,LX,Tabasco
PAN,,2010,LX,Tabasco
PAN,VIII,2010,LX,Tabasco
PAN,I,2010,LX,Tabasco
PT,,2010,LX,Tabasco
PT,,2010,LX,Tabasco
PANAL,XI,2010,LX,Tabasco
PRI,I,2007,LIX,Tabasco
PRD,II,2007,LIX,Tabasco
PRD,III,2007,LIX,Tabasco
PRI,IV,2007,LIX,Tabasco
PRI,V,2007,LIX,Tabasco
PRD,VI,2007,LIX,Tabasco
PRI,VII,2007,LIX,Tabasco
PRI,VIII,2007,LIX,Tabasco
PRD,IX,2007,LIX,Tabasco
PRI,X,2007,LIX,Tabasco
PRD,XI,2007,LIX,Tabasco
PRD,XII,2007,LIX,Tabasco
PRD,XIII,2007,LIX,Tabasco
PRD,XIV,2007,LIX,Tabasco
PRD,XV,2007,LIX,Tabasco
PRI,XVI,2007,LIX,Tabasco
PRI,XVII,2007,LIX,Tabasco
PRI,XVIII,2007,LIX,Tabasco
PRI,XIX,2007,LIX,Tabasco
PRI,XX,2007,LIX,Tabasco
PRI,XXI,2007,LIX,Tabasco
PRI,,2007,LIX,Tabasco
PRI,,2007,LIX,Tabasco
PRI,,2007,LIX,Tabasco
PRI,,2007,LIX,Tabasco
PRI,,2007,LIX,Tabasco
PRI,,2007,LIX,Tabasco
PRI,,2007,LIX,Tabasco
PRI,,2007,LIX,Tabasco
PRI,,2007,LIX,Tabasco
PRD,,2007,LIX,Tabasco
PRD,,2007,LIX,Tabasco
PRD,,2007,LIX,Tabasco
PRD,,2007,LIX,Tabasco
PAN,,2007,LIX,Tabasco
PRD,I,2004,LVIII,Tabasco
PRD,II,2004,LVIII,Tabasco
PRD,XIX,2004,LVIII,Tabasco
PRD,III,2004,LVIII,Tabasco
PRD,XX,2004,LVIII,Tabasco
PRD,VII,2004,LVIII,Tabasco
PRD,IX,2004,LVIII,Tabasco
PRD,XIX,2004,LVIII,Tabasco
PRD,XII,2004,LVIII,Tabasco
PRD,XIII,2004,LVIII,Tabasco
PRD,VII,2004,LVIII,Tabasco
PRD,,2004,LVIII,Tabasco
PRD,,2004,LVIII,Tabasco
PRD,,2004,LVIII,Tabasco
PRD,,2004,LVIII,Tabasco
PRD,,2004,LVIII,Tabasco
PRD,,2004,LVIII,Tabasco
PRI,IV,2004,LVIII,Tabasco
PRI,V,2004,LVIII,Tabasco
PRI,XXI,2004,LVIII,Tabasco
PRI,VI,2004,LVIII,Tabasco
PRI,VIII,2004,LVIII,Tabasco
PRI,X,2004,LVIII,Tabasco
PRI,XIV,2004,LVIII,Tabasco
PRI,XV,2004,LVIII,Tabasco
PRI,XVI,2004,LVIII,Tabasco
PRI,,2004,LVIII,Tabasco
PRI,,2004,LVIII,Tabasco
PRI,,2004,LVIII,Tabasco
PRI,,2004,LVIII,Tabasco
PRI,,2004,LVIII,Tabasco
PAN,,2004,LVIII,Tabasco
PAN,XVIII,2004,LVIII,Tabasco
PAN,,2004,LVIII,Tabasco
PVEM,,2004,LVIII,Tabasco
PRI,I,2001,LVII,Tabasco
PRD,II,2001,LVII,Tabasco
PRI,III,2001,LVII,Tabasco
PRD,IV,2001,LVII,Tabasco
PRI,V,2001,LVII,Tabasco
PRD,VI,2001,LVII,Tabasco
PRI,VII,2001,LVII,Tabasco
PRI,VIII,2001,LVII,Tabasco
PRI,IX,2001,LVII,Tabasco
PRI,X,2001,LVII,Tabasco
PRD,XI,2001,LVII,Tabasco
PRD,XII,2001,LVII,Tabasco
PRI,XIII,2001,LVII,Tabasco
PRI,XIV,2001,LVII,Tabasco
PRD,XV,2001,LVII,Tabasco
PRI,XVI,2001,LVII,Tabasco
PRI,XVII,2001,LVII,Tabasco
PRI,XVIII,2001,LVII,Tabasco
PRI,,2001,LVII,Tabasco
PRI,,2001,LVII,Tabasco
PRI,,2001,LVII,Tabasco
PRI,,2001,LVII,Tabasco
PAN,,2001,LVII,Tabasco
PAN,,2001,LVII,Tabasco
PRD,,2001,LVII,Tabasco
PRD,,2001,LVII,Tabasco
PRD,,2001,LVII,Tabasco
PRD,,2001,LVII,Tabasco
PRD,,2001,LVII,Tabasco
PRD,,2001,LVII,Tabasco
PT,,2001,LVII,Tabasco
PAN,V,2011,LX,Tlaxcala
PAN,VIII,2011,LX,Tlaxcala
PAN,XII,2011,LX,Tlaxcala
PAN,XIII,2011,LX,Tlaxcala
PAN,XV,2011,LX,Tlaxcala
PAN,XVII,2011,LX,Tlaxcala
PAN,XVIII,2011,LX,Tlaxcala
PAN,,2011,LX,Tlaxcala
PAN,,2011,LX,Tlaxcala
PRI,I,2011,LX,Tlaxcala
PRI,II,2011,LX,Tlaxcala
PRI,III,2011,LX,Tlaxcala
PRI,IV,2011,LX,Tlaxcala
PRI,VII,2011,LX,Tlaxcala
PRI,X,2011,LX,Tlaxcala
PRI,XI,2011,LX,Tlaxcala
PRI,XIV,2011,LX,Tlaxcala
PRI,XIX,2011,LX,Tlaxcala
PRI,,2011,LX,Tlaxcala
PRD,VI,2011,LX,Tlaxcala
PRD,,2011,LX,Tlaxcala
PRD,,2011,LX,Tlaxcala
PRD,,2011,LX,Tlaxcala
PT,,2011,LX,Tlaxcala
PT,,2011,LX,Tlaxcala
PT,,2011,LX,Tlaxcala
PS,,2011,LX,Tlaxcala
CONV,IX,2011,LX,Tlaxcala
PANAL,,2011,LX,Tlaxcala
PAC,,2011,LX,Tlaxcala
PVEM,XVI,2011,LX,Tlaxcala
S/P,,2011,LX,Tlaxcala
PAN,I,2008,LIX,Tlaxcala
PAN,II,2008,LIX,Tlaxcala
PAN,III,2008,LIX,Tlaxcala
PAN,IV,2008,LIX,Tlaxcala
PRD,V,2008,LIX,Tlaxcala
PRD,VI,2008,LIX,Tlaxcala
PRD,VII,2008,LIX,Tlaxcala
PRD,VIII,2008,LIX,Tlaxcala
PAN,IX,2008,LIX,Tlaxcala
PAN,X,2008,LIX,Tlaxcala
PAN,XI,2008,LIX,Tlaxcala
PAN,XII,2008,LIX,Tlaxcala
PRD,XIII,2008,LIX,Tlaxcala
PAN,XIV,2008,LIX,Tlaxcala
PAN,XV,2008,LIX,Tlaxcala
PAN,XVI,2008,LIX,Tlaxcala
PAN,XVII,2008,LIX,Tlaxcala
PAN,XVIII,2008,LIX,Tlaxcala
PAN,XIX,2008,LIX,Tlaxcala
PRI,,2008,LIX,Tlaxcala
PRI,,2008,LIX,Tlaxcala
PVEM,,2008,LIX,Tlaxcala
PRI,,2008,LIX,Tlaxcala
PRD,,2008,LIX,Tlaxcala
PRD,,2008,LIX,Tlaxcala
PRD,,2008,LIX,Tlaxcala
PT,,2008,LIX,Tlaxcala
PT,,2008,LIX,Tlaxcala
CONV,,2008,LIX,Tlaxcala
PANAL,,2008,LIX,Tlaxcala
S/P,,2008,LIX,Tlaxcala
PS,,2008,LIX,Tlaxcala
PRI,I,2005,LVIII,Tlaxcala
PRI,II,2005,LVIII,Tlaxcala
PRI,III,2005,LVIII,Tlaxcala
PRD,IV,2005,LVIII,Tlaxcala
PAN,V,2005,LVIII,Tlaxcala
PRD,VI,2005,LVIII,Tlaxcala
PRD,VII,2005,LVIII,Tlaxcala
PRD,VIII,2005,LVIII,Tlaxcala
PRI,IX,2005,LVIII,Tlaxcala
PRI,X,2005,LVIII,Tlaxcala
PAN,XI,2005,LVIII,Tlaxcala
PRI,XII,2005,LVIII,Tlaxcala
PAN,XIII,2005,LVIII,Tlaxcala
PRD,XIV,2005,LVIII,Tlaxcala
PRI,XV,2005,LVIII,Tlaxcala
PRD,XVI,2005,LVIII,Tlaxcala
PRD,XVII,2005,LVIII,Tlaxcala
PRI,XVIII,2005,LVIII,Tlaxcala
PRD,XIX,2005,LVIII,Tlaxcala
PAN,,2005,LVIII,Tlaxcala
PAN,,2005,LVIII,Tlaxcala
PAN,,2005,LVIII,Tlaxcala
PRI,,2005,LVIII,Tlaxcala
PRI,,2005,LVIII,Tlaxcala
PRD,,2005,LVIII,Tlaxcala
PRD,,2005,LVIII,Tlaxcala
PT,,2005,LVIII,Tlaxcala
PT,,2005,LVIII,Tlaxcala
PT,,2005,LVIII,Tlaxcala
PVEM,,2005,LVIII,Tlaxcala
PC,,2005,LVIII,Tlaxcala
PCDT,,2005,LVIII,Tlaxcala
PRI,I,2002,LVII,Tlaxcala
PRI,II,2002,LVII,Tlaxcala
PRI,III,2002,LVII,Tlaxcala
PRD,IV,2002,LVII,Tlaxcala
PRI,V,2002,LVII,Tlaxcala
PRI,VI,2002,LVII,Tlaxcala
PRD,VII,2002,LVII,Tlaxcala
PRD,VIII,2002,LVII,Tlaxcala
PRI,IX,2002,LVII,Tlaxcala
PRI,X,2002,LVII,Tlaxcala
PRI,XI,2002,LVII,Tlaxcala
PRI,XII,2002,LVII,Tlaxcala
PRI,XIII,2002,LVII,Tlaxcala
PRI,XIV,2002,LVII,Tlaxcala
PRD,XV,2002,LVII,Tlaxcala
PRD,XVI,2002,LVII,Tlaxcala
PRI,XVII,2002,LVII,Tlaxcala
PRD,XVIII,2002,LVII,Tlaxcala
PRI,XIX,2002,LVII,Tlaxcala
PAN,,2002,LVII,Tlaxcala
PAN,,2002,LVII,Tlaxcala
PAN,,2002,LVII,Tlaxcala
PRD,,2002,LVII,Tlaxcala
PRD,,2002,LVII,Tlaxcala
PRD,,2002,LVII,Tlaxcala
PRD,,2002,LVII,Tlaxcala
PRD,,2002,LVII,Tlaxcala
PRD,,2002,LVII,Tlaxcala
PT,,2002,LVII,Tlaxcala
PT,,2002,LVII,Tlaxcala
PVEM,,2002,LVII,Tlaxcala
CDPPN,,2002,LVII,Tlaxcala
PRI,I,2013,LXIII,Veracruz
PAN,II,2013,LXIII,Veracruz
PRI,III,2013,LXIII,Veracruz
PAN,IV,2013,LXIII,Veracruz
PRI,V,2013,LXIII,Veracruz
PRI,VI,2013,LXIII,Veracruz
PRI,VII,2013,LXIII,Veracruz
PANAL,VIII,2013,LXIII,Veracruz
PRI,IX,2013,LXIII,Veracruz
PRI,X,2013,LXIII,Veracruz
PRI,XI,2013,LXIII,Veracruz
PRI,XII,2013,LXIII,Veracruz
PRI,XIII,2013,LXIII,Veracruz
PANAL,XIV,2013,LXIII,Veracruz
PAN,XV,2013,LXIII,Veracruz
PAN,XVI,2013,LXIII,Veracruz
PRI,XVII,2013,LXIII,Veracruz
PRI,XVIII,2013,LXIII,Veracruz
PRI,XIX,2013,LXIII,Veracruz
PRI,XX,2013,LXIII,Veracruz
PRI,XXI,2013,LXIII,Veracruz
PRI,XXII,2013,LXIII,Veracruz
PANAL,XXIII,2013,LXIII,Veracruz
PVEM,XXIV,2013,LXIII,Veracruz
PRI,XXV,2013,LXIII,Veracruz
PVEM,XXVI,2013,LXIII,Veracruz
PRI,XXVII,2013,LXIII,Veracruz
PRI,XXVIII,2013,LXIII,Veracruz
PVEM,XXIX,2013,LXIII,Veracruz
PVEM,XXX,2013,LXIII,Veracruz
PRI,,2013,LXIII,Veracruz
PRI,,2013,LXIII,Veracruz
PRI,,2013,LXIII,Veracruz
PRI,,2013,LXIII,Veracruz
PRI,,2013,LXIII,Veracruz
PRI,,2013,LXIII,Veracruz
PRI,,2013,LXIII,Veracruz
PRI,,2013,LXIII,Veracruz
PAN,,2013,LXIII,Veracruz
PAN,,2013,LXIII,Veracruz
PAN,,2013,LXIII,Veracruz
PAN,,2013,LXIII,Veracruz
PAN,,2013,LXIII,Veracruz
PAN,,2013,LXIII,Veracruz
PVEM,,2013,LXIII,Veracruz
PRD,,2013,LXIII,Veracruz
PRD,,2013,LXIII,Veracruz
PRD,,2013,LXIII,Veracruz
PT,,2013,LXIII,Veracruz
AVE,,2013,LXIII,Veracruz
PRI,,2010,LXII,Veracruz
PRI,XXVIII,2010,LXII,Veracruz
PRI,XI,2010,LXII,Veracruz
PRI,,2010,LXII,Veracruz
PRI,XX,2010,LXII,Veracruz
PRI,,2010,LXII,Veracruz
PRI,XII,2010,LXII,Veracruz
PRI,VI,2010,LXII,Veracruz
PRI,,2010,LXII,Veracruz
PRI,XXIII,2010,LXII,Veracruz
PRI,XXIV,2010,LXII,Veracruz
PRI,V,2010,LXII,Veracruz
PRI,XXVII,2010,LXII,Veracruz
PRI,XXVI,2010,LXII,Veracruz
PRI,,2010,LXII,Veracruz
PRI,XXIX,2010,LXII,Veracruz
PRI,,2010,LXII,Veracruz
PRI,XIX,2010,LXII,Veracruz
PRI,XXX,2010,LXII,Veracruz
PRI,III,2010,LXII,Veracruz
PRI,,2010,LXII,Veracruz
PRI,XVI,2010,LXII,Veracruz
PRI,X,2010,LXII,Veracruz
PRI,,2010,LXII,Veracruz
PRI,XIII,2010,LXII,Veracruz
PRI,XVIII,2010,LXII,Veracruz
PRI,XXV,2010,LXII,Veracruz
PRI,XV,2010,LXII,Veracruz
PRI,,2010,LXII,Veracruz
PAN,,2010,LXII,Veracruz
PAN,,2010,LXII,Veracruz
PAN,XXII,2010,LXII,Veracruz
PAN,XVII,2010,LXII,Veracruz
PAN,,2010,LXII,Veracruz
PAN,II,2010,LXII,Veracruz
PAN,,2010,LXII,Veracruz
PAN,VII,2010,LXII,Veracruz
PAN,,2010,LXII,Veracruz
PAN,,2010,LXII,Veracruz
PAN,XXI,2010,LXII,Veracruz
PAN,I,2010,LXII,Veracruz
PAN,,2010,LXII,Veracruz
PAN,IV,2010,LXII,Veracruz
PANAL,IX,2010,LXII,Veracruz
PANAL,XIV,2010,LXII,Veracruz
PANAL,,2010,LXII,Veracruz
PANAL,VIII,2010,LXII,Veracruz
PRDCONV,,2010,LXII,Veracruz
PRDCONV,,2010,LXII,Veracruz
PRDCONV,,2010,LXII,Veracruz
PRI,I,2007,LXI,Veracruz
PRI,II,2007,LXI,Veracruz
PRI,III,2007,LXI,Veracruz
PRI,IV,2007,LXI,Veracruz
PRI,V,2007,LXI,Veracruz
PRI,VI,2007,LXI,Veracruz
PRI,VII,2007,LXI,Veracruz
PRI,VIII,2007,LXI,Veracruz
PRI,IX,2007,LXI,Veracruz
PRI,X,2007,LXI,Veracruz
PRI,XI,2007,LXI,Veracruz
PRI,XII,2007,LXI,Veracruz
PRI,XIII,2007,LXI,Veracruz
PRI,XIV,2007,LXI,Veracruz
PRI,XV,2007,LXI,Veracruz
PRI,XVI,2007,LXI,Veracruz
PRI,XVII,2007,LXI,Veracruz
PRI,XVIII,2007,LXI,Veracruz
PRI,XIX,2007,LXI,Veracruz
PRI,XX,2007,LXI,Veracruz
PRI,XXI,2007,LXI,Veracruz
PRI,XXII,2007,LXI,Veracruz
PRI,XXIII,2007,LXI,Veracruz
PRI,XXIV,2007,LXI,Veracruz
PRI,XXV,2007,LXI,Veracruz
PRI,XXVI,2007,LXI,Veracruz
PRI,XXVIII,2007,LXI,Veracruz
PRI,XXIX,2007,LXI,Veracruz
PAN,XXVII,2007,LXI,Veracruz
IND,XXX,2007,LXI,Veracruz
PAN,,2007,LXI,Veracruz
PAN,,2007,LXI,Veracruz
PAN,,2007,LXI,Veracruz
PAN,,2007,LXI,Veracruz
PAN,,2007,LXI,Veracruz
PAN,,2007,LXI,Veracruz
PAN,,2007,LXI,Veracruz
PAN,,2007,LXI,Veracruz
PAN,,2007,LXI,Veracruz
PAN,,2007,LXI,Veracruz
PRD,,2007,LXI,Veracruz
PRD,,2007,LXI,Veracruz
PRD,,2007,LXI,Veracruz
PRD,,2007,LXI,Veracruz
PRI,,2007,LXI,Veracruz
PRI,,2007,LXI,Veracruz
CONVERGENCIA,,2007,LXI,Veracruz
CONV,,2007,LXI,Veracruz
PT,,2007,LXI,Veracruz
PRV,,2007,LXI,Veracruz
PRI,I,2004,LX,Veracruz
PRI,II,2004,LX,Veracruz
PRD,III,2004,LX,Veracruz
PAN,IV,2004,LX,Veracruz
PAN,V,2004,LX,Veracruz
PAN,VI,2004,LX,Veracruz
PAN,VII,2004,LX,Veracruz
PAN,VIII,2004,LX,Veracruz
PRI,IX,2004,LX,Veracruz
PRI,X,2004,LX,Veracruz
CONV,XI,2004,LX,Veracruz
PRD,XII,2004,LX,Veracruz
PRI,XXIII,2004,LX,Veracruz
PAN,XIII,2004,LX,Veracruz
PAN,XIV,2004,LX,Veracruz
PAN,XV,2004,LX,Veracruz
PAN,XVI,2004,LX,Veracruz
PAN,XVII,2004,LX,Veracruz
PRI,XVIII,2004,LX,Veracruz
PAN,XIX,2004,LX,Veracruz
PAN,XX,2004,LX,Veracruz
PAN,XXi,2004,LX,Veracruz
PAN,XXII,2004,LX,Veracruz
PRI,XXIV,2004,LX,Veracruz
PRI,XXV,2004,LX,Veracruz
PRI,XXVI,2004,LX,Veracruz
PRI,XXVII,2004,LX,Veracruz
PRI,XXVIII,2004,LX,Veracruz
PRI,XXIX,2004,LX,Veracruz
PRI,XXX,2004,LX,Veracruz
PRI,,2004,LX,Veracruz
PRI,,2004,LX,Veracruz
PAN,,2004,LX,Veracruz
PRI,,2004,LX,Veracruz
PRI,,2004,LX,Veracruz
PRD,,2004,LX,Veracruz
PRD,,2004,LX,Veracruz
PAN,,2004,LX,Veracruz
PAN,,2004,LX,Veracruz
PAN,,2004,LX,Veracruz
PRI,,2004,LX,Veracruz
PRD,,2004,LX,Veracruz
PRI,,2004,LX,Veracruz
PRI,,2004,LX,Veracruz
PRI,,2004,LX,Veracruz
PAN,,2004,LX,Veracruz
PRD,,2004,LX,Veracruz
PRI,,2004,LX,Veracruz
PRI,,2004,LX,Veracruz
PAN,,2004,LX,Veracruz
PRI,I,2000,LIX,Veracruz
PRI,II,2000,LIX,Veracruz
PRI,III,2000,LIX,Veracruz
PRI,IV,2000,LIX,Veracruz
PRI,V,2000,LIX,Veracruz
PRI,VI,2000,LIX,Veracruz
PRI,VII,2000,LIX,Veracruz
PRI,VIII,2000,LIX,Veracruz
PRI,IX,2000,LIX,Veracruz
PRI,X,2000,LIX,Veracruz
PAN,XI,2000,LIX,Veracruz
PRI,XII,2000,LIX,Veracruz
PRI,XIII,2000,LIX,Veracruz
PRI,XIV,2000,LIX,Veracruz
PAN,XV,2000,LIX,Veracruz
PRI,XVI,2000,LIX,Veracruz
PAN,XVII,2000,LIX,Veracruz
PAN,XVIII,2000,LIX,Veracruz
PRI,XIX,2000,LIX,Veracruz
PRI,XX,2000,LIX,Veracruz
PRI,XXI,2000,LIX,Veracruz
PRI,XXII,2000,LIX,Veracruz
PRI,XXIII,2000,LIX,Veracruz
PRI,XXIV,2000,LIX,Veracruz
PRD,,2000,LIX,Veracruz
PRD,,2000,LIX,Veracruz
PRI,,2000,LIX,Veracruz
PAN,,2000,LIX,Veracruz
PAN,,2000,LIX,Veracruz
PAN,,2000,LIX,Veracruz
PRI,,2000,LIX,Veracruz
PAN,,2000,LIX,Veracruz
PAN,,2000,LIX,Veracruz
PRI,,2000,LIX,Veracruz
PRI,,2000,LIX,Veracruz
PRI,,2000,LIX,Veracruz
PRD,,2000,LIX,Veracruz
PRI,,2000,LIX,Veracruz
PRI,,2000,LIX,Veracruz
PAN,,2000,LIX,Veracruz
PT,,2000,LIX,Veracruz
PVEM,,2000,LIX,Veracruz
CDP,,2000,LIX,Veracruz
PAN,,2000,LIX,Veracruz
PRD,,2000,LIX,Veracruz
PRI,II,2010,LIX,Yucatán
PRI,III,2010,LIX,Yucatán
PRI,VI,2010,LIX,Yucatán
PRI,VII,2010,LIX,Yucatán
PRI,VIII,2010,LIX,Yucatán
PRI,IX,2010,LIX,Yucatán
PRI,X,2010,LIX,Yucatán
PRI,XI,2010,LIX,Yucatán
PRI,XII,2010,LIX,Yucatán
PRI,XIII,2010,LIX,Yucatán
PRI,XIV,2010,LIX,Yucatán
PRI,XV,2010,LIX,Yucatán
PRI,,2010,LIX,Yucatán
PRI,,2010,LIX,Yucatán
PAN,IV,2010,LIX,Yucatán
PRI,V,2010,LIX,Yucatán
PAN,,2010,LIX,Yucatán
PAN,,2010,LIX,Yucatán
PAN,,2010,LIX,Yucatán
PAN,,2010,LIX,Yucatán
PRD,,2010,LIX,Yucatán
PRD,,2010,LIX,Yucatán
PVEM,,2010,LIX,Yucatán
PVEM,,2010,LIX,Yucatán
PRI,I,2010,LIX,Yucatán
PAN,I,2007,LVIII,Yucatán
PAN,II,2007,LVIII,Yucatán
PRI,III,2007,LVIII,Yucatán
PAN,IV,2007,LVIII,Yucatán
PRI,V,2007,LVIII,Yucatán
PRI,VI,2007,LVIII,Yucatán
PRI,VII,2007,LVIII,Yucatán
PRI,VIII,2007,LVIII,Yucatán
PRI,,2007,LVIII,Yucatán
PAN,X,2007,LVIII,Yucatán
PAN,,2007,LVIII,Yucatán
PANAL,,2007,LVIII,Yucatán
PRI,XIII,2007,LVIII,Yucatán
PRI,XIV,2007,LVIII,Yucatán
PRI,XV,2007,LVIII,Yucatán
PAN,,2007,LVIII,Yucatán
PRI,,2007,LVIII,Yucatán
PAN,,2007,LVIII,Yucatán
PRD,,2007,LVIII,Yucatán
PAN,IX,2007,LVIII,Yucatán
PRI,XI,2007,LVIII,Yucatán
PRI,XII,2007,LVIII,Yucatán
PRI,,2007,LVIII,Yucatán
PTSY,,2007,LVIII,Yucatán
PAN,,2007,LVIII,Yucatán
PAN,I,2004,LVII,Yucatán
PAN,II,2004,LVII,Yucatán
PRI,III,2004,LVII,Yucatán
PAN,IV,2004,LVII,Yucatán
PAN,V,2004,LVII,Yucatán
PRI,VI,2004,LVII,Yucatán
PRI,VII,2004,LVII,Yucatán
PRI,VIII,2004,LVII,Yucatán
PRI,IX,2004,LVII,Yucatán
PAN,X,2004,LVII,Yucatán
PRI,XI,2004,LVII,Yucatán
PAN,XII,2004,LVII,Yucatán
PAN,XIII,2004,LVII,Yucatán
PAN,XIV,2004,LVII,Yucatán
PAN,XV,2004,LVII,Yucatán
PRI,,2004,LVII,Yucatán
PAN,,2004,LVII,Yucatán
PRD,,2004,LVII,Yucatán
PAN,,2004,LVII,Yucatán
PRI,,2004,LVII,Yucatán
PAN,,2004,LVII,Yucatán
PRI,,2004,LVII,Yucatán
PRI,,2004,LVII,Yucatán
PRD,,2004,LVII,Yucatán
PAN,,2004,LVII,Yucatán
PAN,I,2001,LVI,Yucatán
PAN,II,2001,LVI,Yucatán
PAN,III,2001,LVI,Yucatán
PAN,IV,2001,LVI,Yucatán
PAN,V,2001,LVI,Yucatán
PAN,VI,2001,LVI,Yucatán
PRI,VII,2001,LVI,Yucatán
PRI,VIII,2001,LVI,Yucatán
PRI,IX,2001,LVI,Yucatán
PRI,X,2001,LVI,Yucatán
PRI,XI,2001,LVI,Yucatán
PAN,XII,2001,LVI,Yucatán
PRI,XIII,2001,LVI,Yucatán
PRI,XIV,2001,LVI,Yucatán
PRI,XV,2001,LVI,Yucatán
PAN,,2001,LVI,Yucatán
PAN,,2001,LVI,Yucatán
PAN,,2001,LVI,Yucatán
PAN,,2001,LVI,Yucatán
PAN,,2001,LVI,Yucatán
PRI,,2001,LVI,Yucatán
PRI,,2001,LVI,Yucatán
PRI,,2001,LVI,Yucatán
PRI,,2001,LVI,Yucatán
PRD,,2001,LVI,Yucatán
PRI,I,2013,LXI,Zacatecas
PRI,II,2013,LXI,Zacatecas
PRI,III,2013,LXI,Zacatecas
PRI,IV,2013,LXI,Zacatecas
PRI,V,2013,LXI,Zacatecas
PRD,VI,2013,LXI,Zacatecas
PRI,VII,2013,LXI,Zacatecas
PRI,VIII,2013,LXI,Zacatecas
PT,IX,2013,LXI,Zacatecas
PRD,X,2013,LXI,Zacatecas
PRI,XI,2013,LXI,Zacatecas
PRI,XII,2013,LXI,Zacatecas
PRI,XIII,2013,LXI,Zacatecas
PRI,XIV,2013,LXI,Zacatecas
PAN,XV,2013,LXI,Zacatecas
PRD,XVI,2013,LXI,Zacatecas
PANAL,XVII,2013,LXI,Zacatecas
PRD,XVIII,2013,LXI,Zacatecas
PAN,,2013,LXI,Zacatecas
PAN,,2013,LXI,Zacatecas
PRI,,2013,LXI,Zacatecas
PRD,,2013,LXI,Zacatecas
PRD,,2013,LXI,Zacatecas
PT,,2013,LXI,Zacatecas
MoCi,,2013,LXI,Zacatecas
PT,,2013,LXI,Zacatecas
PVEM,,2013,LXI,Zacatecas
PVEM,,2013,LXI,Zacatecas
MoCi,,2013,LXI,Zacatecas
PANAL,,2013,LXI,Zacatecas
PRI,I,2010,LX,Zacatecas
PRI,XVII,2010,LX,Zacatecas
PRI,XV,2010,LX,Zacatecas
PRI,XVIII,2010,LX,Zacatecas
PRI,V,2010,LX,Zacatecas
PRI,XVI,2010,LX,Zacatecas
PRI,VI,2010,LX,Zacatecas
PRI,II,2010,LX,Zacatecas
PRI,IX,2010,LX,Zacatecas
PRI,XIII,2010,LX,Zacatecas
PRI,IV,2010,LX,Zacatecas
PAN,III,2010,LX,Zacatecas
PAN,XIV,2010,LX,Zacatecas
PAN,,2010,LX,Zacatecas
PAN,,2010,LX,Zacatecas
PAN,,2010,LX,Zacatecas
PAN,,2010,LX,Zacatecas
PRD,XII,2010,LX,Zacatecas
PRD,,2010,LX,Zacatecas
PRD,,2010,LX,Zacatecas
PRD,,2010,LX,Zacatecas
PRD,,2010,LX,Zacatecas
PT,VIII,2010,LX,Zacatecas
PT,XI,2010,LX,Zacatecas
PT,,2010,LX,Zacatecas
PT,,2010,LX,Zacatecas
Convergencia,,2010,LX,Zacatecas
Convergencia,,2010,LX,Zacatecas
PANAL,X,2010,LX,Zacatecas
PANAL,VII,2010,LX,Zacatecas
PRD,I,2007,LIX,Zacatecas
PAN,II,2007,LIX,Zacatecas
Convergencia,III,2007,LIX,Zacatecas
PRD,IV,2007,LIX,Zacatecas
PRD,V,2007,LIX,Zacatecas
PRD,VI,2007,LIX,Zacatecas
PRD,VII,2007,LIX,Zacatecas
PT,VIII,2007,LIX,Zacatecas
PRD,IX,2007,LIX,Zacatecas
PRI,X,2007,LIX,Zacatecas
PT,XI,2007,LIX,Zacatecas
PRD,XII,2007,LIX,Zacatecas
PRI,XIII,2007,LIX,Zacatecas
PRI,XIV,2007,LIX,Zacatecas
PRI,XV,2007,LIX,Zacatecas
PAN,XVI,2007,LIX,Zacatecas
PAN,XVII,2007,LIX,Zacatecas
PRD,XVIII,2007,LIX,Zacatecas
PRD,,2007,LIX,Zacatecas
PRD,,2007,LIX,Zacatecas
PRI,,2007,LIX,Zacatecas
PRI,,2007,LIX,Zacatecas
PRI,,2007,LIX,Zacatecas
PAN,,2007,LIX,Zacatecas
PAN,,2007,LIX,Zacatecas
PAN,,2007,LIX,Zacatecas
PT,,2007,LIX,Zacatecas
PT,,2007,LIX,Zacatecas
CONV,,2007,LIX,Zacatecas
PVEM,,2007,LIX,Zacatecas
PRD,I,2004,LVIII,Zacatecas
PRD,II,2004,LVIII,Zacatecas
Alianza,III,2004,LVIII,Zacatecas
PRD,IV,2004,LVIII,Zacatecas
PRD,V,2004,LVIII,Zacatecas
PRD,VI,2004,LVIII,Zacatecas
PAN,VII,2004,LVIII,Zacatecas
PRD,VIII,2004,LVIII,Zacatecas
PRD,IX,2004,LVIII,Zacatecas
Alianza,X,2004,LVIII,Zacatecas
PRD,XI,2004,LVIII,Zacatecas
Alianza,XII,2004,LVIII,Zacatecas
Alianza,XIII,2004,LVIII,Zacatecas
PRD,XIV,2004,LVIII,Zacatecas
PRD,XV,2004,LVIII,Zacatecas
Alianza,XVI,2004,LVIII,Zacatecas
PRD,XVII,2004,LVIII,Zacatecas
PRD,XVIII,2004,LVIII,Zacatecas
PAN,,2004,LVIII,Zacatecas
PAN,,2004,LVIII,Zacatecas
PAN,,2004,LVIII,Zacatecas
CPPN,,2004,LVIII,Zacatecas
PRD,,2004,LVIII,Zacatecas
PRD,,2004,LVIII,Zacatecas
PRD,,2004,LVIII,Zacatecas
Alianza,,2004,LVIII,Zacatecas
Alianza,,2004,LVIII,Zacatecas
Alianza,,2004,LVIII,Zacatecas
Alianza,,2004,LVIII,Zacatecas
Alianza,,2004,LVIII,Zacatecas
PRD,I,2001,LVII,Zacatecas
PRD,II,2001,LVII,Zacatecas
PAN,III,2001,LVII,Zacatecas
PRD,IV,2001,LVII,Zacatecas
PRD,V,2001,LVII,Zacatecas
PRD,VI,2001,LVII,Zacatecas
PRD,VII,2001,LVII,Zacatecas
PRD,VIII,2001,LVII,Zacatecas
PRI,IX,2001,LVII,Zacatecas
PRD,X,2001,LVII,Zacatecas
PRD,XI,2001,LVII,Zacatecas
PRI,XII,2001,LVII,Zacatecas
PRI,XIII,2001,LVII,Zacatecas
PRI,XIV,2001,LVII,Zacatecas
PRI,XV,2001,LVII,Zacatecas
PRI,XVI,2001,LVII,Zacatecas
PRI,XVII,2001,LVII,Zacatecas
PRD,XVIII,2001,LVII,Zacatecas
PAN,,2001,LVII,Zacatecas
PAN,,2001,LVII,Zacatecas
PAN,,2001,LVII,Zacatecas
PRI,,2001,LVII,Zacatecas
PRI,,2001,LVII,Zacatecas
PRI,,2001,LVII,Zacatecas
PRD,,2001,LVII,Zacatecas
PRD,,2001,LVII,Zacatecas
PRD,,2001,LVII,Zacatecas
PT,,2001,LVII,Zacatecas
PT,,2001,LVII,Zacatecas
CD,,2001,LVII,Zacatecas
